,customer_id,churn,country_Germany,country_France,country_Spain,gender_Female,gender_Male,age_bin_18_24,age_bin_25_29,age_bin_30_34,age_bin_35_39,age_bin_40_44,age_bin_45_49,age_bin_50_59,age_bin_60+,balance_tier_Zero,balance_tier_Low,balance_tier_Medium,balance_tier_High,balance_tier_Premium,balance_tier_Ultra,salary_tier_Low,salary_tier_Lower_Mid,salary_tier_Mid,salary_tier_Upper_Mid,salary_tier_High,credit_score_tier_Poor,credit_score_tier_Fair,credit_score_tier_Good,credit_score_tier_Excellent,customer_value_tier_Low,customer_value_tier_Medium,customer_value_tier_High,customer_value_tier_Premium,log_balance_scaled,log_salary_scaled,wealth_index_scaled,balance_to_salary_ratio_capped_scaled,tenure_tier_New,tenure_tier_Growing,tenure_tier_Established,tenure_tier_Mature,tenure_tier_Veteran,is_active_member,has_credit_card,has_single_product,has_multiple_products,products_per_year_capped_scaled,germany_poor_credit,germany_high_value,female_45_plus,male_young,active_multiple_products,inactive_single_product,zero_balance_active,zero_balance_multiple_products,poor_credit_high_value,excellent_credit_low_value,composite_risk_score_scaled,geographic_risk_score,demographic_risk_score,engagement_risk_score,credit_risk_score,is_zero_balance,is_high_balance,products_3_plus
customer_id,1.0,-0.006247986637827078,-0.003096858226527104,-0.004049209673181163,0.007800239710927302,0.0026411627314491216,-0.002641162731449129,-0.008675074721434358,-0.005733409867647877,-0.0016415583899072332,0.006323309186768254,-0.006983684718213571,0.010040536611919967,0.0036862688459403173,0.0013085595623652526,0.01055927608996031,0.020544325674042498,-0.014101226371034373,0.012028244239691283,-0.013018970563771243,-0.008066393160068209,-0.017092212257389935,0.0009764360539515586,0.008163654170010637,-0.0003935294693069701,0.009187410843736993,-0.00512420099786267,0.0004454458513542356,-0.0008044750275739853,0.005917270049474527,0.011285866876042253,-0.010762689073670496,-0.007946277533189076,0.0003293526109915659,-0.010836398796357862,0.0188755580993541,-0.010493799627250644,-0.01678335179844405,0.0072848759746703285,0.026144062774979212,-0.02560203098921591,-0.0007558225767287916,-0.0059740931762321614,0.0016649648401758502,-0.01402513032557391,-0.018501263505390726,0.018501263505390775,0.020276304129995423,0.0053580800923083245,-0.003909791139379835,0.003315640638526131,-0.01140898627606557,0.016099001803665067,-0.006979115557399477,0.006904355306097563,0.008104672038643903,-0.005253552190323209,0.0012498798527652412,-0.008779230464970346,-0.003096858226527104,0.008230495238270132,-0.01410500424897113,-0.005223577711361361,0.01055927608996031,-0.017444046341406602,0.010225993611879253
churn,-0.006247986637827078,1.0,0.17348787015297085,-0.10495515555438105,-0.05266676206212404,0.10651248767347476,-0.10651248767347467,-0.06312271253422934,-0.12079639694347302,-0.15356684334683213,-0.0961364277990839,0.03672745500408996,0.18461723655501497,0.273235627466576,0.04432781272884209,-0.12235727218477076,0.028165781344647842,0.023829920515972342,-0.0051214460533648126,0.10564175096171934,0.02233869986606081,-0.0061608808764579085,0.005598048522530651,-0.015141396421775534,-0.002918111996179495,0.014056714804578032,0.02271673206444701,0.003411209139683054,-0.024659192875446653,-0.001749418651541455,-0.12213438570024537,0.01816464770150138,0.08727139859178114,0.03432356674345894,0.12262952546121407,0.007790680334310955,0.12270014231254539,0.07895337240256964,0.022608567099641902,-0.0030780270798655626,0.002728425222189427,-0.020740530346200367,0.0011204211371342225,-0.15612827818890548,-0.0071377656030390145,0.18544672657041172,-0.18544672657041184,-0.010004776153932292,0.09236342536022048,0.18328127311282175,0.27480303794525424,-0.18173714253357143,-0.15713440399994394,0.23471551232862284,-0.12825432799111064,-0.21805456249072555,0.06210535374633722,-0.04340573533443117,0.3348617058871062,0.17348787015297085,0.28625834206672024,0.23888197319403878,0.026357897527423145,-0.12235727218477076,0.11601909776338289,0.2986365283847086
country_Germany,-0.003096858226527104,0.17348787015297085,1.0,-0.5803586473920972,-0.3320839640331286,0.024627879392114634,-0.024627879392114648,-0.020612046024801576,-0.015039796580150276,-0.02824975491950216,-0.024129939275770125,0.019926933485260416,0.040135913809602124,0.04828657179851318,-0.00927208140531233,-0.43565456013017945,-0.014180331535811948,0.004703329961359618,0.09369058323250831,0.3279058452545537,0.055266352505061685,0.00029072570085083356,0.005965051241003264,-0.02020089968738363,-0.004250683009138132,0.012465021541073788,-0.009028852308341506,0.012358324547948047,-0.02108007708673655,0.018044686565485427,-0.4359376493008206,0.006732353659512956,0.3354226638999674,0.1133288827272541,0.43597916155051664,0.0045408972305664,0.4358173181989503,0.2684665790890637,0.0037341573691694126,0.011355206805547495,-0.006371416957758672,-0.02802054842698204,0.018114546793837054,-0.020485800270395753,0.01057658071380352,0.03387750897877251,-0.033877508978772515,0.002426612146214487,0.4271822224543587,0.8289682552145224,0.04825617948031486,-0.03358907290029325,-0.015973161564646184,0.04647140646123852,-0.277833231928104,-0.3530377062325606,0.1355095355639072,-0.1530933822617477,0.6715776135682832,1.0,0.05850207831213444,0.038020179398624086,-0.002326447265386712,-0.43565456013017945,0.35178438300959275,0.04962566286921232
country_France,-0.004049209673181163,-0.10495515555438105,-0.5803586473920972,1.0,-0.5754180754084717,-0.006772454170695445,0.00677245417069545,0.00752774211793686,0.02187842699144717,0.03532432672730921,-0.00010974430381906124,-0.011168195413324656,-0.034064454665536,-0.038139162720135816,0.009195426003028261,0.25159122405369344,0.008098841851588696,0.005806798000702074,-0.06124464717738836,-0.18282123648042725,-0.03641168870093954,-0.0036880677688454614,0.010649174220367725,0.0043425120984184285,-0.0022697343167274162,-0.005469283045361923,0.016806892022831834,-0.020861999606067102,0.01054206929017886,-0.00467479822121717,0.25175240734548177,-0.0017793714872402922,-0.19729090629654344,-0.06141005202864509,-0.2517247621266228,-0.003937018852653862,-0.25165476833776557,-0.15728721026717268,0.004531316952687403,-0.007609795024614576,-0.003150121856754197,0.027379308781724062,-0.018939042307527052,0.0033169659444571083,0.0024672242386179883,-0.014049077810493684,0.014049077810493658,0.00348022651709873,-0.2479188968135609,-0.4810988953272833,-0.03895177503071423,0.030742781476294466,0.014784811073594415,-0.0050801366688968345,0.16448918580405616,0.20163114968111584,-0.0704596804699179,0.09067239911206391,-0.38402448976797743,-0.5803586473920972,-0.03746147922596432,-0.012146036847148003,0.0056038304074230265,0.25159122405369344,-0.19944944551489077,-0.03430033993889234
country_Spain,0.007800239710927302,-0.05266676206212404,-0.3320839640331286,-0.5754180754084717,1.0,-0.016889348835205154,0.016889348835205178,0.011981436510712509,-0.010236717055700735,-0.012543990737932368,0.02436071289980288,-0.0070767533403513,-0.000852501925096068,-0.004318562764468752,-0.001338871635861487,0.14611555381386399,0.004860604313680937,-0.011449374350683017,-0.02315523884515337,-0.1175581660382231,-0.013329209142951728,0.003979803225604428,-0.018325294458104862,0.015257879957353844,0.006897908493507418,-0.006183664293864118,-0.01039927755301938,0.011752411217870488,0.00896007378293245,-0.012707526921384766,0.14621316535666398,-0.004700282838443866,-0.10834749337275175,-0.042686319291401854,-0.14628687656402045,-2.7412282126838407e-07,-0.1462054096459244,-0.08743884780262898,-0.00899868698160371,-0.0025897913113200723,0.010047479310455052,-0.0035717067988343602,0.0037441572028199806,0.016731863681874314,-0.013479728330052086,-0.01775041993683896,0.017750419936839023,-0.006468078253196456,-0.14186036579712477,-0.27528706424926447,-0.0033468155098344693,-0.0018750695899090394,-0.0010830206697968713,-0.04078687419028612,0.08850390752841267,0.12101103514204711,-0.05448034610284967,0.04872794801169084,-0.2296586475240951,-0.3320839640331285,-0.01536289458538398,-0.024115121957416333,-0.004154306565565396,0.14611555381386399,-0.12227933000284097,-0.010109799303430386
gender_Female,0.0026411627314491216,0.10651248767347476,0.024627879392114634,-0.006772454170695445,-0.016889348835205154,1.0,-0.9999999999999997,-0.004438458959581577,0.005662408265257258,-0.026356853967148264,-0.017886603151924602,-2.362239472140596e-05,0.03960643135050704,0.018689784461241178,0.001833744776226195,0.004512986735981615,0.01045066575108828,0.0185686083373088,0.006991831701326833,-0.006597621648543577,-0.011009924164926759,-0.003453219320662073,-0.011166519649998435,-0.013310397512442887,0.014635602703172195,0.009817176060529936,-0.007592336871422968,-0.0005425811712532216,0.005601942739676091,0.002761099496006054,0.0047784298856979315,0.0015613753898031904,0.0015518207366887735,-0.009027594477543519,-0.005405968951515545,0.004142707290925222,-0.00532909090811398,-0.011927949667853524,0.013796688509083672,0.007207040566698004,-0.009565402750103686,0.007876079724676856,-0.016373093554183274,-0.02254432465230797,-0.005766124371501161,-0.005488223588852887,0.005488223588852864,0.028572060102936662,-0.0005834224333573581,0.0262667533893705,0.39488392289897906,-0.464179898186212,-0.012256734407600344,0.007266267081014577,-0.0009800805487122314,-0.0045453745716421265,-0.010266257267280941,0.008032478385313764,0.2696171875984331,0.024627879392114648,0.8008113949949678,0.011925009002448127,-0.00845421224952306,0.004512986735981615,-0.012938853982477343,0.04399155546156396
gender_Male,-0.002641162731449129,-0.10651248767347467,-0.024627879392114648,0.00677245417069545,0.016889348835205178,-0.9999999999999997,1.0,0.004438458959581595,-0.005662408265257286,0.02635685396714834,0.01788660315192457,2.3622394721392265e-05,-0.039606431350506996,-0.01868978446124114,-0.0018337447762261938,-0.004512986735981672,-0.010450665751088276,-0.018568608337308817,-0.006991831701326851,0.006597621648543587,0.011009924164926755,0.0034532193206620815,0.011166519649998463,0.013310397512442822,-0.014635602703172206,-0.009817176060529896,0.007592336871422977,0.0005425811712532374,-0.005601942739676091,-0.0027610994960060656,-0.004778429885697921,-0.0015613753898032039,-0.0015518207366887863,0.009027594477543519,0.005405968951515575,-0.004142707290925211,0.005329090908113898,0.0119279496678535,-0.013796688509083702,-0.007207040566697987,0.009565402750103645,-0.007876079724676863,0.01637309355418327,0.022544324652307938,0.005766124371501157,0.00548822358885288,-0.005488223588852878,-0.02857206010293678,0.0005834224333573861,-0.02626675338937055,-0.39488392289897933,0.4641798981862122,0.012256734407600316,-0.00726626708101459,0.0009800805487121746,0.004545374571642084,0.010266257267281007,-0.008032478385313768,-0.269617187598433,-0.02462787939211465,-0.8008113949949678,-0.011925009002448058,0.008454212249523078,-0.004512986735981672,0.012938853982477348,-0.043991555461563976
age_bin_18_24,-0.008675074721434358,-0.06312271253422934,-0.020612046024801576,0.00752774211793686,0.011981436510712509,-0.004438458959581577,0.004438458959581595,1.0,-0.0801965523862811,-0.11071504510991595,-0.11987093768209901,-0.09808877849478684,-0.07069477474947018,-0.06750972749585155,-0.05156343250349385,0.013656254083385022,-0.0053619355656020174,-0.0008867895293374318,-0.005299234420386521,-0.012836162718904774,0.006016267473647702,-0.0034523854901752243,0.002886815866284252,-0.020071620248588058,0.002420916802853776,0.01322208667177489,-0.00895521664832136,0.001801623246992298,0.010096188276630176,-0.0035185083316616288,0.013517196467582274,-0.016723111158920303,-0.008506200559794636,0.0005612728295914086,-0.013241645105731885,0.012359073794405543,-0.013013899724369435,-0.013938846447647505,-0.007040024312383576,-0.008298353870929602,-0.0005334585490855568,0.005785748556295845,0.008622075970568313,0.003448622183170447,-0.006737571368282822,-0.009902865126541167,0.009902865126541168,-0.0045894812104435865,-0.012995933374012452,-0.014126002568581455,-0.07884596666951645,0.18962647798296675,-0.002483598888097739,-0.017875830411613093,0.006632430735769151,0.022685156196197938,-0.007620879343654267,0.011838460572472025,-0.041687999777995956,-0.020612046024801572,-0.06519419054974132,-0.009338005882269467,-0.008520886191532868,0.013656254083385022,-0.008927520538799014,-0.02399328757898684
age_bin_25_29,-0.005733409867647877,-0.12079639694347302,-0.015039796580150276,0.02187842699144717,-0.010236717055700735,0.005662408265257258,-0.005662408265257286,-0.0801965523862811,1.0,-0.18540910762552398,-0.20074203613256092,-0.16426451229587458,-0.11838910499538532,-0.11305526108598493,-0.0863507755164666,0.023027336722940054,-0.008979373014542496,-0.004373253791674199,-0.004034333718451524,-0.025132490160439655,0.01074597700076875,0.014793703124034224,-0.016969885139136224,-0.015935278319301128,-0.00378351108345466,0.01209035662364223,0.00461947943709004,-0.003539905566985778,-0.0010649019392556954,0.0004170960657229113,0.022794435356496393,0.0036033099619941595,-0.027393702897249704,0.005911785563626804,-0.02265663214335113,-0.0049057648262675465,-0.022731487067933324,-0.0016908663988348884,-0.017101648446695244,-0.0057803861281325855,0.021725451673170797,0.0037115306326215704,-0.004204759230493799,-0.007356554164477957,0.014048039088480072,-0.04268607326058661,0.04268607326058657,-0.007991831634437832,-0.01620549674353765,-0.02264017972819601,-0.13203951012758583,0.30142462587438484,0.01242444935512588,-0.02814671458251306,0.005741176650401663,0.045183375952129026,-0.005212488054200521,0.01322859263250689,-0.052404325441792125,-0.015039796580150271,-0.09903397950575647,-0.024713033138066193,0.0028441161019699592,0.023027336722940054,-0.01809156779456212,-0.030672537153704445
age_bin_30_34,-0.0016415583899072332,-0.15356684334683213,-0.02824975491950216,0.03532432672730921,-0.012543990737932368,-0.026356853967148264,0.02635685396714834,-0.11071504510991595,-0.18540910762552398,1.0,-0.27713365381121874,-0.22677474713872417,-0.16344162822551636,-0.15607801032091967,-0.11921123442480117,0.015424924292609103,-0.0123964392331397,-0.00018653321342195474,0.0010165704950183246,-0.0033469659303817178,-0.019705878308921017,0.0006223164633777877,0.014452017792819844,-0.024931935014933505,-0.004500625566694674,0.009756742975545766,0.006794032118814732,-0.01677972851571597,-0.0010574335322155104,0.014019103722109065,0.015106330224505617,0.00632932143235466,-0.00516582884794772,-0.015373789453907953,-0.015955918825718608,-0.004314172930299873,-0.016023957104548396,-0.012085675398469779,0.0027495774863714267,-0.0007471799484963577,-0.003601288125153246,-0.0059517618536225345,0.007284131217539916,-0.002867983792468142,0.001193268132538034,-0.023397853843312718,0.023397853843312725,-0.00037945152562302264,-0.011069380817362622,-0.027568779905220945,-0.18228664306731016,0.4582337009315473,0.015624438973967477,-0.007878101073343491,0.00208867452663075,0.02864229102296111,-0.0010288754476516187,0.005738337624544131,-0.07762420003672484,-0.02824975491950217,-0.1631921152086159,-0.014360354151200303,-0.0026945740961549797,0.015424924292609103,-0.01492495427112746,-0.053733459587505604
age_bin_35_39,0.006323309186768254,-0.0961364277990839,-0.024129939275770125,-0.00010974430381906124,0.02436071289980288,-0.017886603151924602,0.01788660315192457,-0.11987093768209901,-0.20074203613256092,-0.27713365381121874,1.0,-0.24552852374446557,-0.1769578941347236,-0.16898532110203082,-0.12906974330864088,0.009481904442396926,-0.003729513861160867,-0.01698808548917244,-0.012781516141413686,0.00294692933592176,0.00028465332523169894,0.011499595826433055,-0.011326411656298762,0.05374076759948493,-0.005335644426591805,-0.03572353579009166,-0.0006423614081125529,-0.0034215387512032255,-0.0029792626079246953,0.008096926460098004,0.009632111995605243,-0.010047973418774296,-0.007506723461474425,0.0016166542720474307,-0.008880001176623424,-0.02242393990424321,-0.009274889716786635,0.0033128066796025246,-0.00013380920818144713,0.01012514196103162,-0.013543851921312274,0.01755200002389113,-0.013029696928173564,-0.024623288549956317,0.012343251596094973,-0.030567033386013673,0.030567033386013666,0.0128722754165934,-0.025406448435540362,-0.022411503245044883,-0.19736135057080456,-0.2786699899119456,-0.006129013570895415,-0.013034199977174617,-0.013558365419275685,0.020323611070620168,-0.006903794147646038,0.007734340369985652,-0.07133437947054082,-0.024129939275770108,-0.16843836251663555,-0.004162808472184086,-0.0027212472861361603,0.009481904442396926,0.003035979848957637,-0.025714243002763787
age_bin_40_44,-0.006983684718213571,0.03672745500408996,0.019926933485260416,-0.011168195413324656,-0.0070767533403513,-2.362239472140596e-05,2.3622394721392265e-05,-0.09808877849478684,-0.16426451229587458,-0.22677474713872417,-0.24552852374446557,1.0,-0.14480226830891776,-0.13827841886418152,-0.1056160376033402,-0.010663556553693561,0.021840697344304747,0.011186600848941056,0.01088620556485308,-0.005929767776330749,0.008953889336635741,-0.01767623496777632,-0.004268977762864759,-0.004940886961778693,0.018088111951256106,0.009583335281614857,-0.010195046206797936,0.014054116113622873,0.006120813486710237,-0.012590245896660789,-0.009826455423041171,0.0033812639181616364,-0.0013773975647972626,0.013435024536993934,0.010323315173331158,0.02057238687901499,0.01068438543677895,-0.003610761722250687,-0.005520159000321127,0.0032239103572865723,0.0014951911811775579,-0.006545776304674093,0.006137033406041398,-0.03579045092825565,-0.011932864689099378,0.0034549616921955976,-0.0034549616921956063,0.0002788329817416183,0.01797969448016297,0.01372728738809127,-0.16149814270171187,-0.2280319103376737,-0.029346029656516177,0.015571559975517402,-0.01947023595982818,-0.012485276548083188,-0.012285210514331587,-0.008034711397261998,-0.013664282264002082,0.01992693348526042,-0.12651186192577293,0.02744251713787835,-0.002567779019871885,-0.010663556553693561,-0.00046800869448316895,0.02785045582053319
age_bin_45_49,0.010040536611919967,0.18461723655501497,0.040135913809602124,-0.034064454665536,-0.000852501925096068,0.03960643135050704,-0.039606431350506996,-0.07069477474947018,-0.11838910499538532,-0.16344162822551636,-0.1769578941347236,-0.14480226830891776,1.0,-0.09966034672188091,-0.07611983860821094,-0.02120626451419971,0.020005101586116514,0.006109895770258572,0.0022915882267816076,0.013407095688858802,0.0062743666876700546,-0.02765599117748289,0.0011086633984997308,0.0012061226550138676,-0.0016209259755343155,0.024125863619619683,0.011099562301832904,-0.000565377228904629,0.0012389712791938841,-0.01274668110077604,-0.021404122680936218,0.011650071374970185,0.01587637533026583,0.0018089287328744992,0.020930927008914708,0.02993821731290518,0.021453088681112484,-0.0052749605887410615,0.010845299983601618,-0.003709783583004562,-0.003498640757494663,0.0012596301690083835,-0.003281107384564177,-0.040883458194547945,0.0024768034052740965,0.04893432815162088,-0.04893432815162091,0.005729164966807491,0.01403887006934066,0.0413655679679972,0.40565533430105893,-0.16434769383808773,-0.029321418814832717,0.07382012101166403,-0.027161048368562903,-0.04712354431888548,0.014034161578785172,-0.024616783025182637,0.20134795330516003,0.04013591380960212,0.4420852636120987,0.06281449925908784,0.011552228544002643,-0.02120626451419971,0.01676060323235524,0.03694629471074165
age_bin_50_59,0.0036862688459403173,0.273235627466576,0.04828657179851318,-0.038139162720135816,-0.004318562764468752,0.018689784461241178,-0.01868978446124114,-0.06750972749585155,-0.11305526108598493,-0.15607801032091967,-0.16898532110203082,-0.13827841886418152,-0.09966034672188091,1.0,-0.0726903732231927,-0.03717590869531869,-0.00755886640083379,-0.004271819011062616,0.006811313395107659,0.03079806755621264,0.003352833509832802,0.010589298187914622,0.008237677349097153,0.0029987785447815355,-0.007325105275033024,-0.012098373885663273,0.0022919244267494672,0.010948664990415689,-0.004962037789150005,-0.010255768448202366,-0.03736181518779669,-0.012750665676404484,0.0426638870866418,-0.0038825042345185137,0.0374405881826466,-0.01891398289895372,0.03708248715553482,0.03357870524299695,0.00924965028139205,-0.005931131541097814,0.006311730717997822,-0.011873097453936882,0.003146072380466547,0.03436433002966955,-0.019532537000532552,0.06760222738504326,-0.06760222738504322,-0.017257488043074035,0.03953354670415435,0.05499016711441048,0.3575075776143397,-0.15694325450360136,-0.01207496129721228,0.026100872022199968,0.001124917805770066,-0.07000785843161073,0.020554421218067186,-0.012682875841435196,0.17394352634916502,0.04828657179851318,0.407347999569609,0.023255988964471945,0.00896099962187378,-0.03717590869531869,0.031952517917021424,0.08130170965846419
age_bin_60+,0.0013085595623652526,0.04432781272884209,-0.00927208140531233,0.009195426003028261,-0.001338871635861487,0.001833744776226195,-0.0018337447762261938,-0.05156343250349385,-0.0863507755164666,-0.11921123442480117,-0.12906974330864088,-0.1056160376033402,-0.07611983860821094,-0.0726903732231927,1.0,0.0006953062611234615,-0.005773406469257021,0.018240074921152736,0.0032870804797316576,0.0023424698778629167,-0.013582321941854308,0.01142347416658403,0.012449374595683954,-0.011708019313440489,0.0025273720959471902,-0.012417524999825763,-0.009746283354508356,0.0036015812230368142,-0.005968426004745182,0.012803109516603977,0.0005480915911772472,0.013143289586710068,-0.0012427691556380425,-0.004325064628774184,-0.0012018884574357361,-0.004113435474571229,-0.0012745644388714166,0.0016204430392534827,0.009974069667280145,0.005321512392854167,-0.004761607349560125,-0.008897022725781445,-0.00046290695580252975,0.1291231591212741,0.0018741311198652143,0.015753974016929,-0.01575397401692904,0.006051439574911733,0.005195904850768486,-0.0085167266606953,0.2536366758560479,-0.11987210155710569,0.07044144341800368,-0.059427767221392716,0.07403426941281148,-0.005694191788419314,0.0057742175832012224,0.006522182072645733,-0.07093419219577866,-0.009272081405312327,-0.06507488275638025,-0.07926820099333974,-0.00829853663173747,0.0006953062611234615,-0.00576311073402986,0.014762591342826006
balance_tier_Zero,0.01055927608996031,-0.12235727218477076,-0.43565456013017945,0.25159122405369344,0.14611555381386399,0.004512986735981615,-0.004512986735981672,0.013656254083385022,0.023027336722940054,0.015424924292609103,0.009481904442396926,-0.010663556553693561,-0.02120626451419971,-0.03717590869531869,0.0006953062611234615,1.0,-0.018444538141939876,-0.06274655500443636,-0.31734161793306637,-0.593087317358219,-0.24657883681331072,0.01342266640446616,-0.013128465629965058,0.015238862624354674,-0.00656788489314008,-0.008858106796172245,0.009635375995739045,-0.007869898754902353,0.012033785049335182,-0.014190132977227706,0.9993506200460173,-0.11342617918910076,-0.690589573989952,-0.32706754356830275,-0.9991940693739867,-0.0223221395524307,-0.9990356053994739,-0.6024030773492864,-0.022321095411996148,-0.005157476222942515,0.010007800134417481,0.016357178809466143,-0.0013883945903854242,0.004115697382783271,0.01835770699888517,-0.3887738023049731,0.38877380230497316,0.11860428076500834,-0.18610388321878615,-0.36114380058736356,-0.02322872613800552,0.021806312747702575,0.23993101965618696,-0.2103376324738482,0.637737458423676,0.8103615537206128,-0.308122986795153,0.3505682253813885,-0.4248514623967827,-0.43565456013017945,-0.022446186282556083,-0.2748076548198506,0.0056433067927354,1.0,-0.7230923721970495,-0.006931025374166407
balance_tier_Low,0.020544325674042498,0.028165781344647842,-0.014180331535811948,0.008098841851588696,0.004860604313680937,0.01045066575108828,-0.010450665751088276,-0.0053619355656020174,-0.008979373014542496,-0.0123964392331397,-0.003729513861160867,0.021840697344304747,0.020005101586116514,-0.00755886640083379,-0.005773406469257021,-0.018444538141939876,1.0,-0.0020423680459745242,-0.010329306207783332,-0.019304686693309817,-0.008026014130743341,-0.013969071869090199,0.002927266997315584,0.0029356169545019114,-0.00937073079184864,0.014855466813278487,-0.0040111530044280455,1.2130119040054414e-05,0.0051735043630079134,-0.0013318520544279978,0.00703591224995241,0.07946037208328326,-0.022478334925327952,-0.010645880077592353,0.00908355058528444,0.012449785221339894,0.009300479802801296,-0.01719462884892401,0.001522545956584022,-0.0023660949349915373,-0.012254952959658427,-0.0020131160449702945,0.014153926420138503,-0.0007403055971753196,-0.011046548921512885,0.007756873342404523,-0.007756873342404526,0.008683734613739889,-0.006057585540607734,-0.011755044691605416,0.003977406406493178,-0.012465160937820581,-0.01447839374731797,-0.004820866605868785,-0.011762772876439256,-0.014946744586361402,-0.01002924451256573,0.01003623229864144,-0.003192577113505573,-0.014180331535811946,0.013886493092325498,0.005943231959326749,-0.0042889432789065506,-0.018444538141939876,-0.023536284265466896,-0.004497919837802996
balance_tier_Medium,-0.014101226371034373,0.023829920515972342,0.004703329961359618,0.005806798000702074,-0.011449374350683017,0.0185686083373088,-0.018568608337308817,-0.0008867895293374318,-0.004373253791674199,-0.00018653321342195474,-0.01698808548917244,0.011186600848941056,0.006109895770258572,-0.004271819011062616,0.018240074921152736,-0.06274655500443636,-0.0020423680459745242,1.0,-0.035139311981502365,-0.06567269812470247,-0.02730373258715301,-0.005406692185765768,0.011772904368154228,0.0009105210814744459,0.0007082142296640622,-0.004406998335684087,-0.012223494784926748,0.012856639739422748,0.006330146120075378,-0.009169595188148206,-0.06278732783649761,0.5531928823929424,-0.0764691459306931,-0.03621626601429402,0.047289684280521736,0.0026890649167013534,0.04731129500977275,-0.02105503949497455,-0.003402688004111776,0.020342585330708287,-0.008475484061310259,-0.002314046280867153,-0.006258710856870583,0.0035244747751762913,0.01940119809570842,0.02397173341315959,-0.023971733413159585,-0.0017387262808589996,-0.010237295174900504,-0.039989537967571556,0.015424812116895226,-0.015502930474664197,-0.013397232943671027,0.01002970339870588,-0.040015828513370585,-0.050847395804010626,-0.034118530787698303,-0.022049768807725915,0.013145868511007611,0.004703329961359617,0.015291663271808914,0.014302715838963245,-0.005451950819449353,-0.06274655500443639,-0.08006818841969934,0.025513372590408943
balance_tier_High,0.012028244239691283,-0.0051214460533648126,0.09369058323250831,-0.06124464717738836,-0.02315523884515337,0.006991831701326833,-0.006991831701326851,-0.005299234420386521,-0.004034333718451524,0.0010165704950183246,-0.012781516141413686,0.01088620556485308,0.0022915882267816076,0.006811313395107659,0.0032870804797316576,-0.31734161793306637,-0.010329306207783332,-0.035139311981502365,1.0,-0.33214062948076317,-0.13808902614982232,-0.006595312720576759,0.008819197848770033,-0.00868221241527253,0.010426005623008024,-0.0014211326825437575,-0.013434616112472137,0.0061360196706837684,0.003006763016798648,0.003904028262854339,-0.3175478271264307,0.22090275229544523,0.3754008214610802,-0.18316429406614637,0.29205007629000207,0.003356172497223362,0.2919472671679938,0.07675980633577081,0.011508798331618829,-0.008571044426525698,0.020284637387585007,-0.005624408821202643,-0.014904873960457083,0.009902005989957448,-0.021818691380357347,0.11501754928046878,-0.11501754928046876,-0.034302092663309185,0.024079385047141792,0.1437455848732904,0.004043674287926851,-0.013998399797004932,-0.07624302714663653,0.04412372984482563,-0.20238063687268978,-0.25716144656844925,0.06331792699232439,-0.11151702763600357,0.0966712867081874,0.09369058323250831,0.009443590836090532,0.07352578411910954,-0.010742844227782404,-0.3173416179330663,-0.40494603179856264,-0.014462396853564347
balance_tier_Premium,-0.013018970563771243,0.10564175096171934,0.3279058452545537,-0.18282123648042725,-0.1175581660382231,-0.006597621648543577,0.006597621648543587,-0.012836162718904774,-0.025132490160439655,-0.0033469659303817178,0.00294692933592176,-0.005929767776330749,0.013407095688858802,0.03079806755621264,0.0023424698778629167,-0.593087317358219,-0.019304686693309817,-0.06567269812470247,-0.33214062948076317,1.0,-0.2580778739619366,-0.010756854582241243,0.007399429017185635,-0.0034892215476260576,0.0007965946384245546,0.006327326324824133,0.0054989167808133285,0.002281354922553385,-0.01627554130853248,0.009133013714417437,-0.5934727066371467,-0.11871573227880852,0.6031954712637837,0.00607639539354854,0.601237363917523,0.014729432978433881,0.60116515154609,0.3846303050392657,0.018949568610696396,-0.0009318305575495773,-0.02179256411894188,-0.010853742606967231,0.01562380294114106,-0.006105414597695681,-0.0013832394013398941,0.24270275615697073,-0.24270275615697054,-0.07670445794489347,0.15485988447955623,0.3541509737999646,0.02124384580160782,-0.01091726014327445,-0.14475929539686608,0.14044670379048077,-0.37823399839534716,-0.4806151599863937,0.21498983939089597,-0.20841683228056873,0.30631011633191774,0.3279058452545537,0.014487264541742668,0.1740287969759621,0.007245315567536985,-0.593087317358219,0.8202096165890637,0.012906525493090128
balance_tier_Ultra,-0.008066393160068209,0.02233869986606081,0.055266352505061685,-0.03641168870093954,-0.013329209142951728,-0.011009924164926759,0.011009924164926755,0.006016267473647702,0.01074597700076875,-0.019705878308921017,0.00028465332523169894,0.008953889336635741,0.0062743666876700546,0.003352833509832802,-0.013582321941854308,-0.24657883681331072,-0.008026014130743341,-0.02730373258715301,-0.13808902614982232,-0.2580778739619366,1.0,0.006524350307727614,-0.005043393398818411,-0.00901027712060136,-0.0026792557607707166,0.005713429185753853,-0.004677946183163199,-0.0019894971247883635,0.0013613900948990254,0.00599260360672101,-0.24673906421547642,-0.0493566230806255,-0.30050531147669274,0.7539079974831452,0.2675805056344847,0.006208355923726691,0.26754218076295716,0.26083991378988464,-0.007983913013414947,0.014782978816416055,-0.0016027774890596134,-0.001112779008763055,-0.004804204136522218,-0.009558701045067218,-0.005658158500744447,0.08611838894139424,-0.08611838894139409,-0.02532360058707191,0.02203298130513846,-0.15714924518243778,-0.006718511929631512,0.004829316955162132,-0.05462780200093574,0.05505213430937513,-0.15725256069038715,-0.19981800931465493,0.08094564661581545,-0.08665027656461864,0.06632840806872078,0.05526635250506166,-0.004203623022089423,0.0669197216109343,-0.006192577617414809,-0.24657883681331072,0.3410059990870912,0.0007815869398615161
salary_tier_Low,-0.017092212257389935,-0.0061608808764579085,0.00029072570085083356,-0.0036880677688454614,0.003979803225604428,-0.003453219320662073,0.0034532193206620815,-0.0034523854901752243,0.014793703124034224,0.0006223164633777877,0.011499595826433055,-0.01767623496777632,-0.02765599117748289,0.010589298187914622,0.01142347416658403,0.01342266640446616,-0.013969071869090199,-0.005406692185765768,-0.006595312720576759,-0.010756854582241243,0.006524350307727614,1.0,-0.2173503861195605,-0.21725228971564176,-0.21803645275015274,-0.4401022213868849,-0.01499210617547873,0.014253773943310677,-0.011701859067382612,0.011947794104860503,0.013064365491123846,0.03240670454054118,0.030783058312538622,-0.07219785409089091,-0.01316441724572311,-0.7989687054961303,-0.027403240809202666,0.5431069264091072,-0.0001283932477026919,0.011164952608306652,-0.006881271964391818,-0.0002172213652385668,-0.0037601994364484517,0.003934115863438134,0.007856574896815575,0.007854316501430406,-0.0078543165014304,0.002527632261460547,-0.0012896341173447505,0.028631562008458174,-0.005720854802833775,0.018209066507445828,-0.0099956746983475,-0.005567285383597674,0.005095110204756075,0.012936805683069028,-0.021880675881509767,0.02968172534238577,-0.004645206266525553,0.0002907257008508298,-0.010620048683688203,0.00274287120703986,-0.007587031053130947,0.01342266640446616,-0.006603458720783353,-0.023515115387202377
salary_tier_Lower_Mid,0.0009764360539515586,0.005598048522530651,0.005965051241003264,0.010649174220367725,-0.018325294458104862,-0.011166519649998435,0.011166519649998463,0.002886815866284252,-0.016969885139136224,0.014452017792819844,-0.011326411656298762,-0.004268977762864759,0.0011086633984997308,0.008237677349097153,0.012449374595683954,-0.013128465629965058,0.002927266997315584,0.011772904368154228,0.008819197848770033,0.007399429017185635,-0.005043393398818411,-0.2173503861195605,1.0,-0.14527857796921628,-0.145802954907655,-0.29430034991974924,-0.004058381105170129,-0.006185372116244248,0.011131251086800333,-0.00034231556262397995,-0.01273896452245467,0.02207963856427825,0.02597310076161448,-0.027550535499713584,0.01299292668378692,-0.06580485783730897,0.011812345153830152,0.027999508334400777,-0.009178590803648874,0.011867054396066503,-0.006703420634937321,0.010400364121114716,-0.007024380216059609,0.017635887200027896,0.016952175629534192,-0.0012977821772469117,0.0012977821772469718,-0.008212942326546839,-0.007858492983227423,0.013534928708927722,-0.0007612829738789331,0.004529809774015294,0.016176431438487935,-0.005476138676495197,0.0040936683626903335,-0.008888047902652888,-0.0043716506760233835,-0.008497166303586564,-0.00766323030838247,0.00596505124100326,-0.00453507122521948,-0.013239365323145286,-0.008022384942125657,-0.013128465629965062,0.004213512750042955,0.0010667909425053402
salary_tier_Mid,0.008163654170010637,-0.015141396421775534,-0.02020089968738363,0.0043425120984184285,0.015257879957353844,-0.013310397512442887,0.013310397512442822,-0.020071620248588058,-0.015935278319301128,-0.024931935014933505,0.05374076759948493,-0.004940886961778693,0.0012061226550138676,0.0029987785447815355,-0.011708019313440489,0.015238862624354674,0.0029356169545019114,0.0009105210814744459,-0.00868221241527253,-0.0034892215476260576,-0.00901027712060136,-0.21725228971564176,-0.14527857796921628,1.0,-0.1457371498920187,-0.2941675238111102,0.011673351551586665,-0.0059750632030999935,-0.0027127496547373797,-0.0025058772338512436,0.015623590819858455,0.00785394498268963,-0.0020970329896345483,-0.02085117228586531,-0.015288075777828512,0.06288046284900004,-0.01415835995743986,-0.08089547235133848,-0.006495977959914234,0.012023988632660965,0.00020522147844528906,-0.015014900491816068,0.007723445400976704,-0.014520154174697026,-0.010927471578811796,0.0038165103791352804,-0.003816510379135302,-0.0017490751674986292,-0.011656530381921106,-0.012516674286033825,0.00028912302576221535,-0.021342551553169897,-0.011087458907209441,0.009922923971153692,0.01348269999894455,0.006839846085201372,0.0008932264904684124,-0.005989380968659736,-0.0052939394905821835,-0.020200899687383634,-0.008447173907956242,0.01282247382684298,0.00895208729342843,0.015238862624354671,-0.0087302742755846,0.016352819248161315
salary_tier_Upper_Mid,-0.0003935294693069701,-0.002918111996179495,-0.004250683009138132,-0.0022697343167274162,0.006897908493507418,0.014635602703172195,-0.014635602703172206,0.002420916802853776,-0.00378351108345466,-0.004500625566694674,-0.005335644426591805,0.018088111951256106,-0.0016209259755343155,-0.007325105275033024,0.0025273720959471902,-0.00656788489314008,-0.00937073079184864,0.0007082142296640622,0.010426005623008024,0.0007965946384245546,-0.0026792557607707166,-0.21803645275015274,-0.145802954907655,-0.1457371498920187,1.0,-0.2952293091595089,0.007486060329713657,0.0006132765531350551,0.0022279041745197296,-0.011325224398086654,-0.006805445604379745,0.0034029796380514203,0.001725591395457895,0.0052247220534192215,0.006418865028878688,0.15978927331892753,0.00926444154467467,-0.12432583957565004,0.012976180175151024,-0.013697759582431844,0.010991996967361852,0.0018285145373999948,-0.00960341565538466,0.002238376553908815,-0.0014584354682886968,0.0097612448626195,-0.009761244862619476,-0.0019080674700911865,0.00836491699564348,-0.01363343217082012,0.0013041421777135454,-0.018055359650416422,-0.00836856194693835,0.00022115723538010062,-0.010751016097383373,-0.006776192335136666,0.0050389184720898,-0.011456850942272964,0.005613811456283238,-0.004250683009138135,0.007389003456692465,0.0052624017943295395,0.008382395238324437,-0.00656788489314007,-0.0008113405732855924,0.005742359295236346
salary_tier_High,0.009187410843736993,0.014056714804578032,0.012465021541073788,-0.005469283045361923,-0.006183664293864118,0.009817176060529936,-0.009817176060529896,0.01322208667177489,0.01209035662364223,0.009756742975545766,-0.03572353579009166,0.009583335281614857,0.024125863619619683,-0.012098373885663273,-0.012417524999825763,-0.008858106796172245,0.014855466813278487,-0.004406998335684087,-0.0014211326825437575,0.006327326324824133,0.005713429185753853,-0.4401022213868849,-0.29430034991974924,-0.2941675238111102,-0.2952293091595089,1.0,0.0029345908882074524,-0.0047352041945182164,0.003078472666451238,-0.0008566216347202384,-0.008908225038668175,-0.05177037426941451,-0.045002965420157706,0.09391989190247578,0.008858303702924683,0.6025051972302695,0.019596447547966207,-0.36096518600131927,0.001948582534808491,-0.01692090579284914,0.00301086622358477,0.0021039707710639854,0.009489582613189699,-0.0071908545531264995,-0.010130977096316995,-0.015451864825122877,0.015451864825122877,0.005922663553852598,0.008803806356450866,-0.016767974564929844,0.004514220891948554,0.00782136581308022,0.011159120711435691,0.0017419046901337497,-0.009208489991786502,-0.005422467652909586,0.018381406898427186,-0.00853236274041053,0.00917497071131512,0.012465021541073804,0.013281746809812082,-0.0057797902550562625,0.00032920892268745134,-0.008858106796172239,0.00953968054760508,0.004972747230620697
credit_score_tier_Poor,-0.00512420099786267,0.02271673206444701,-0.009028852308341506,0.016806892022831834,-0.01039927755301938,-0.007592336871422968,0.007592336871422977,-0.00895521664832136,0.00461947943709004,0.006794032118814732,-0.0006423614081125529,-0.010195046206797936,0.011099562301832904,0.0022919244267494672,-0.009746283354508356,0.009635375995739045,-0.0040111530044280455,-0.012223494784926748,-0.013434616112472137,0.0054989167808133285,-0.004677946183163199,-0.01499210617547873,-0.004058381105170129,0.011673351551586665,0.007486060329713657,0.0029345908882074524,1.0,-0.3930131458259963,-0.3148974604318563,-0.26749074136932066,0.00928650510356176,0.0009006161013756493,-0.0091848995261007,-5.5140298138549036e-05,-0.009158316179454763,0.0039769351389009585,-0.009082304164932583,-0.012967887753293859,0.006009585110966047,-0.0028327013509311986,0.0025679920303510535,0.0022275362770385852,-0.006668874965278109,-0.024339120459429733,-0.00949914270558848,0.021738010370668307,-0.021738010370668373,-0.016108499329162106,0.4445734094329759,-0.004183700037735887,0.0034006100393227192,0.0007997354066478117,-0.030256430093353007,0.02252301043891255,-0.0020532749342363032,-0.007188559044817086,0.7360581864009433,-0.14710454986734417,0.33511406303601715,-0.009028852308341506,0.00017456280945201674,0.03222352059829733,0.8375039669255653,0.009635375995739041,0.00258065961410833,-0.007956031343130433
credit_score_tier_Fair,0.0004454458513542356,0.003411209139683054,0.012358324547948047,-0.020861999606067102,0.011752411217870488,-0.0005425811712532216,0.0005425811712532374,0.001801623246992298,-0.003539905566985778,-0.01677972851571597,-0.0034215387512032255,0.014054116113622873,-0.000565377228904629,0.010948664990415689,0.0036015812230368142,-0.007869898754902353,1.2130119040054414e-05,0.012856639739422748,0.0061360196706837684,0.002281354922553385,-0.0019894971247883635,0.014253773943310677,-0.006185372116244248,-0.0059750632030999935,0.0006132765531350551,-0.0047352041945182164,-0.3930131458259963,1.0,-0.4001989973154762,-0.33995042811830234,-0.008309664112726307,-0.0028055264032057848,0.007126858253432524,0.002343622768007772,0.007616061382778408,-0.0024753078871480472,0.00756768333378553,0.014269652319865314,-0.011050914790195777,-0.00797143137646804,-0.0018736862166267025,0.01458202090186463,0.004696189727257238,-0.0011878830610413474,0.015816418593191345,-0.008267448287431724,0.00826744828743172,-0.0024113804546514457,-0.17472319419184268,0.005859202936110723,0.004835562870826411,-0.003073082320118406,0.007720483628431525,-0.00036407318984056305,-0.0032064751493569078,0.00030199501269956937,-0.28928054334841313,-0.18695321733214035,0.07357604286851967,0.012358324547948036,0.00412039822272353,-0.004952099713629255,0.1733114127321112,-0.007869898754902363,0.0010417866205137875,0.010046978986636944
credit_score_tier_Good,-0.0008044750275739853,-0.024659192875446653,-0.02108007708673655,0.01054206929017886,0.00896007378293245,0.005601942739676091,-0.005601942739676091,0.010096188276630176,-0.0010649019392556954,-0.0010574335322155104,-0.0029792626079246953,0.006120813486710237,0.0012389712791938841,-0.004962037789150005,-0.005968426004745182,0.012033785049335182,0.0051735043630079134,0.006330146120075378,0.003006763016798648,-0.01627554130853248,0.0013613900948990254,-0.011701859067382612,0.011131251086800333,-0.0027127496547373797,0.0022279041745197296,0.003078472666451238,-0.3148974604318563,-0.4001989973154762,1.0,-0.27238154149319505,0.012648726396474819,0.014402367173012926,-0.008706264936266011,-0.010571183665617843,-0.01235558599518561,-0.0005620521994142556,-0.012358726549938389,-0.0075820659069102255,0.010886128882844778,0.007824082648718436,-0.0004913076091871292,-0.0171497862809203,0.00013079053846170498,0.01602372072950328,-0.0040697223778732245,-0.005315983203894373,0.005315983203894369,0.01881670276129577,-0.1399950376059749,-0.01990135094887339,-0.00656530750342893,-0.005307327962411466,0.006727405983501252,-0.017777652606058673,0.011498523444101695,0.012341751800730804,-0.23178285362773388,-0.14979420913192582,-0.2427558841991177,-0.021080077086736544,0.0027285929675210496,-0.014922633697970018,-0.5750891611269703,0.012033785049335199,-0.015030369582792538,-0.0028272368928724517
credit_score_tier_Excellent,0.005917270049474527,-0.001749418651541455,0.018044686565485427,-0.00467479822121717,-0.012707526921384766,0.002761099496006054,-0.0027610994960060656,-0.0035185083316616288,0.0004170960657229113,0.014019103722109065,0.008096926460098004,-0.012590245896660789,-0.01274668110077604,-0.010255768448202366,0.012803109516603977,-0.014190132977227706,-0.0013318520544279978,-0.009169595188148206,0.003904028262854339,0.009133013714417437,0.00599260360672101,0.011947794104860503,-0.00034231556262397995,-0.0025058772338512436,-0.011325224398086654,-0.0008566216347202384,-0.26749074136932066,-0.33995042811830234,-0.27238154149319505,1.0,-0.013955177599692005,-0.013402898401253378,0.010944407896472243,0.008835626378197067,0.014330904536520502,-0.0007206985858549534,0.014310072655009222,0.00520557499304057,-0.0051498894903251125,0.004110049464744867,7.742404056506742e-06,-0.0011918165473125163,0.0014414680849701767,0.010309585200267686,-0.004287669437087805,-0.007826161568712542,0.007826161568712563,-0.00022929621278909232,-0.11891927088231277,0.019324173494531995,-0.002325622155161548,0.008663843135094449,0.01619920727070981,-0.004537149411562946,-0.006519886182451519,-0.006094884591799369,-0.1968887499713457,0.5499425853556541,-0.18669429054553102,0.018044686565485427,-0.008156345748170755,-0.012682868680055083,-0.4885114851429654,-0.014190132977227697,0.012434984536567419,-0.00036816364923728906
customer_value_tier_Low,0.011285866876042253,-0.12213438570024537,-0.4359376493008206,0.25175240734548177,0.14621316535666398,0.0047784298856979315,-0.004778429885697921,0.013517196467582274,0.022794435356496393,0.015106330224505617,0.009632111995605243,-0.009826455423041171,-0.021404122680936218,-0.03736181518779669,0.0005480915911772472,0.9993506200460173,0.00703591224995241,-0.06278732783649761,-0.3175478271264307,-0.5934727066371467,-0.24673906421547642,0.013064365491123846,-0.01273896452245467,0.015623590819858455,-0.006805445604379745,-0.008908225038668175,0.00928650510356176,-0.008309664112726307,0.012648726396474819,-0.013955177599692005,1.0,-0.11349988373837944,-0.6910383204226663,-0.32728007268684167,-0.9988213315062657,-0.02218776254651779,-0.998660679087932,-0.6027229784713669,-0.021982643042030122,-0.004959439426227534,0.00969378292084004,0.01604260740437797,-0.001267848776251959,0.003887920518405347,0.018757733356948834,-0.3889226312942407,0.38892263129424054,0.11949016667426138,-0.18622481387985343,-0.36137847252322086,-0.023449473438088377,0.02148482260566587,0.23951909215940842,-0.21066231166711677,0.6373233245022731,0.8098353211721463,-0.3083232057042844,0.35118183186812846,-0.425237087143098,-0.4359376493008206,-0.022412084834018704,-0.27475248451832596,0.0050083180752239186,0.9993506200460175,-0.7235622390105246,-0.007044375626109013
customer_value_tier_Medium,-0.010762689073670496,0.01816464770150138,0.006732353659512956,-0.0017793714872402922,-0.004700282838443866,0.0015613753898031904,-0.0015613753898032039,-0.016723111158920303,0.0036033099619941595,0.00632932143235466,-0.010047973418774296,0.0033812639181616364,0.011650071374970185,-0.012750665676404484,0.013143289586710068,-0.11342617918910076,0.07946037208328326,0.5531928823929424,0.22090275229544523,-0.11871573227880852,-0.0493566230806255,0.03240670454054118,0.02207963856427825,0.00785394498268963,0.0034029796380514203,-0.05177037426941451,0.0009006161013756493,-0.0028055264032057848,0.014402367173012926,-0.013402898401253378,-0.11349988373837944,1.0,-0.1382323387819297,-0.06546770062845629,0.0922651964822896,-0.03780710893340961,0.0915396846074271,0.016182140558972203,0.013220558861339155,0.00895758483227897,-0.014288368883611043,-0.005586119881088526,-0.0007490346888096422,0.009028270744994397,0.01843286747277727,0.04227089547066309,-0.042270895470663074,-0.00786073033456116,-0.008119658225526008,-0.07228859813703589,0.01168930405549979,0.005637580936442921,-0.023948500273837305,0.014120848003443954,-0.0723361232347652,-0.09191621480027128,-0.06167565034479885,-0.03985909708806382,0.01644570487455434,0.006732353659512961,0.0009234968701473178,0.02325371261269761,-0.0007025742889366656,-0.11342617918910076,-0.14473828382127707,0.002915394560348045
customer_value_tier_High,-0.007946277533189076,0.08727139859178114,0.3354226638999674,-0.19729090629654344,-0.10834749337275175,0.0015518207366887735,-0.0015518207366887863,-0.008506200559794636,-0.027393702897249704,-0.00516582884794772,-0.007506723461474425,-0.0013773975647972626,0.01587637533026583,0.0426638870866418,-0.0012427691556380425,-0.690589573989952,-0.022478334925327952,-0.0764691459306931,0.3754008214610802,0.6031954712637837,-0.30050531147669274,0.030783058312538622,0.02597310076161448,-0.0020970329896345483,0.001725591395457895,-0.045002965420157706,-0.0091848995261007,0.007126858253432524,-0.008706264936266011,0.010944407896472243,-0.6910383204226663,-0.1382323387819297,1.0,-0.3985967949403671,0.6792804520383356,-0.0372206934643733,0.6782384689175425,0.41166752482547614,0.015552973471416964,-0.0005209643992284832,0.001777754328712348,-0.017438416117015104,0.00229836073332848,0.0024072123113118484,-0.01987761493840845,0.2745003830143914,-0.27450038301439145,-0.0844863324230343,0.1479978354561654,0.5229499751941219,0.02260293947759388,-0.02662016708465908,-0.16854065255233402,0.14327142357276176,-0.44041483973023904,-0.5596272401617507,0.23144831981884043,-0.24268010325710693,0.31858577833399787,0.33542266389996733,0.027123408636404948,0.19031748459428574,-0.005602374164383026,-0.690589573989952,0.4089874211621944,2.0347106052851136e-05
customer_value_tier_Premium,0.0003293526109915659,0.03432356674345894,0.1133288827272541,-0.06141005202864509,-0.042686319291401854,-0.009027594477543519,0.009027594477543519,0.0005612728295914086,0.005911785563626804,-0.015373789453907953,0.0016166542720474307,0.013435024536993934,0.0018089287328744992,-0.0038825042345185137,-0.004325064628774184,-0.32706754356830275,-0.010645880077592353,-0.03621626601429402,-0.18316429406614637,0.00607639539354854,0.7539079974831452,-0.07219785409089091,-0.027550535499713584,-0.02085117228586531,0.0052247220534192215,0.09391989190247578,-5.5140298138549036e-05,0.002343622768007772,-0.010571183665617843,0.008835626378197067,-0.32728007268684167,-0.06546770062845629,-0.3985967949403671,1.0,0.350315732191341,0.09514533850026939,0.35181713631389455,0.22490537473943686,0.002377320096352777,0.003620258417207724,-0.009409450977614668,0.004925421868525997,-0.0011635455093797046,-0.012032537643874157,-0.005002504136977635,0.12021785419801272,-0.12021785419801255,-0.0387962823150041,0.04642332430362088,-0.2084461840265218,-0.004685511582483101,0.005759444385827879,-0.0755733640025753,0.07603244676847899,-0.20858322396812493,-0.2650429627775924,0.11481882677252885,-0.11493481546010022,0.11829123642219479,0.1133288827272541,-0.007870948448905749,0.09250055875647044,0.0013336367906143524,-0.3270675435683028,0.4523177897376206,0.008059620665148228
log_balance_scaled,-0.010836398796357862,0.12262952546121407,0.43597916155051664,-0.2517247621266228,-0.14628687656402045,-0.005405968951515545,0.005405968951515575,-0.013241645105731885,-0.02265663214335113,-0.015955918825718608,-0.008880001176623424,0.010323315173331158,0.020930927008914708,0.0374405881826466,-0.0012018884574357361,-0.9991940693739867,0.00908355058528444,0.047289684280521736,0.29205007629000207,0.601237363917523,0.2675805056344847,-0.01316441724572311,0.01299292668378692,-0.015288075777828512,0.006418865028878688,0.008858303702924683,-0.009158316179454763,0.007616061382778408,-0.01235558599518561,0.014330904536520502,-0.9988213315062657,0.0922651964822896,0.6792804520383356,0.350315732191341,1.0,0.022322859653652456,0.9998411000170203,0.609087685194115,0.02181169623797056,0.005182249646209466,-0.009945883235813703,-0.016008422380842022,0.0014001749369972783,-0.0047693208564487215,-0.018176814314852935,0.3886665919396895,-0.3886665919396895,-0.11899481266231392,0.18690437741451485,0.3562719157580995,0.022885553384363405,-0.020955988895597622,-0.23981984903056883,0.2110786307606976,-0.6372234862745797,-0.8097084585263238,0.3104575387508658,-0.35053268194232684,0.42517663306260045,0.4359791615505166,0.021745173401836897,0.2751897022222602,-0.005283193683834164,-0.9991940693739867,0.743458100782693,0.006945200422130279
log_salary_scaled,0.0188755580993541,0.007790680334310955,0.0045408972305664,-0.003937018852653862,-2.7412282126838407e-07,0.004142707290925222,-0.004142707290925211,0.012359073794405543,-0.0049057648262675465,-0.004314172930299873,-0.02242393990424321,0.02057238687901499,0.02993821731290518,-0.01891398289895372,-0.004113435474571229,-0.0223221395524307,0.012449785221339894,0.0026890649167013534,0.003356172497223362,0.014729432978433881,0.006208355923726691,-0.7989687054961303,-0.06580485783730897,0.06288046284900004,0.15978927331892753,0.6025051972302695,0.0039769351389009585,-0.0024753078871480472,-0.0005620521994142556,-0.0007206985858549534,-0.02218776254651779,-0.03780710893340961,-0.0372206934643733,0.09514533850026939,0.022322859653652456,1.0,0.04014110725387783,-0.5456090053986495,0.003446150335341871,-0.016378865370975108,0.005325025587718986,0.0038393339707063815,0.004026143502057221,-0.007993818424459042,-0.0013726748694333842,-0.004449873368781659,0.004449873368781653,-1.283812664903421e-05,0.0037877687459348768,-0.03246147980209388,0.008269815147475684,-0.015105237565152042,0.0034800547282257824,0.007587523913940546,-0.019696777580087636,-0.020805099652082208,0.02127711529999822,-0.01949731068028759,0.007932303798016018,0.004540897230566403,0.008544639424723641,0.0024770689399681097,0.002788553880913933,-0.0223221395524307,0.018008181601222473,0.017336893932863563
wealth_index_scaled,-0.010493799627250644,0.12270014231254539,0.4358173181989503,-0.25165476833776557,-0.1462054096459244,-0.00532909090811398,0.005329090908113898,-0.013013899724369435,-0.022731487067933324,-0.016023957104548396,-0.009274889716786635,0.01068438543677895,0.021453088681112484,0.03708248715553482,-0.0012745644388714166,-0.9990356053994739,0.009300479802801296,0.04731129500977275,0.2919472671679938,0.60116515154609,0.26754218076295716,-0.027403240809202666,0.011812345153830152,-0.01415835995743986,0.00926444154467467,0.019596447547966207,-0.009082304164932583,0.00756768333378553,-0.012358726549938389,0.014310072655009222,-0.998660679087932,0.0915396846074271,0.6782384689175425,0.35181713631389455,0.9998411000170203,0.04014110725387783,1.0,0.5990198853938489,0.02186099581540456,0.004887317181144562,-0.009845395230912164,-0.01593104884708364,0.0014711840111768367,-0.004909199887827783,-0.018191166796098012,0.38837078690752674,-0.38837078690752674,-0.11892876958580702,0.1868678229249479,0.3554946863615096,0.02302026411991546,-0.02121365449604921,-0.23962423400088623,0.21109636508009183,-0.6372198032207013,-0.8096284752514269,0.3106640205234038,-0.3506851094688328,0.4250812770670552,0.4358173181989503,0.021885419554925,0.27508060816372026,-0.005230529493879238,-0.9990356053994739,0.7433651434848517,0.007250461025859452
balance_to_salary_ratio_capped_scaled,-0.01678335179844405,0.07895337240256964,0.2684665790890637,-0.15728721026717268,-0.08743884780262898,-0.011927949667853524,0.0119279496678535,-0.013938846447647505,-0.0016908663988348884,-0.012085675398469779,0.0033128066796025246,-0.003610761722250687,-0.0052749605887410615,0.03357870524299695,0.0016204430392534827,-0.6024030773492864,-0.01719462884892401,-0.02105503949497455,0.07675980633577081,0.3846303050392657,0.26083991378988464,0.5431069264091072,0.027999508334400777,-0.08089547235133848,-0.12432583957565004,-0.36096518600131927,-0.012967887753293859,0.014269652319865314,-0.0075820659069102255,0.00520557499304057,-0.6027229784713669,0.016182140558972203,0.41166752482547614,0.22490537473943686,0.609087685194115,-0.5456090053986495,0.5990198853938489,1.0,0.0032972200219141146,0.019114069097017915,-0.0074564140156086044,-0.009271008966814043,-0.005077622161569402,0.0015791361984393534,-0.011283916127475497,0.2515467459828633,-0.25154674598286325,-0.07862980536115985,0.11638955891969632,0.23112268531567046,0.007400443324348947,0.001141515180910908,-0.15797777676198727,0.12845153335509193,-0.3841750074953339,-0.4881642937268441,0.18148179094764094,-0.2116845645748717,0.26056287515045085,0.2684665790890637,0.003075124638486412,0.17484146584243182,-0.0054095530972806324,-0.6024030773492863,0.5287031699238357,-0.003174778418829006
tenure_tier_New,0.0072848759746703285,0.022608567099641902,0.0037341573691694126,0.004531316952687403,-0.00899868698160371,0.013796688509083672,-0.013796688509083702,-0.007040024312383576,-0.017101648446695244,0.0027495774863714267,-0.00013380920818144713,-0.005520159000321127,0.010845299983601618,0.00924965028139205,0.009974069667280145,-0.022321095411996148,0.001522545956584022,-0.003402688004111776,0.011508798331618829,0.018949568610696396,-0.007983913013414947,-0.0001283932477026919,-0.009178590803648874,-0.006495977959914234,0.012976180175151024,0.001948582534808491,0.006009585110966047,-0.011050914790195777,0.010886128882844778,-0.0051498894903251125,-0.021982643042030122,0.013220558861339155,0.015552973471416964,0.002377320096352777,0.02181169623797056,0.003446150335341871,0.02186099581540456,0.0032972200219141146,1.0,-0.20939933561170987,-0.20580509908128167,-0.20541928664155598,-0.23750566896952294,0.023958248525988674,-0.032770202192094706,0.03856013254841049,-0.03856013254841049,0.7064918225550177,0.008044164860597808,0.00661567253863908,0.024616416461865256,-0.00963940306872929,-0.01086299914322441,0.00586331079266085,-0.017633958697364737,-0.028570448175198486,0.018004451844959867,-0.013447336600508834,0.01382846849934293,0.0037341573691694135,0.01967577276982333,0.010218641481142229,-0.00013041689485314593,-0.022321095411996148,0.013710920212251709,-0.008328639749739254
tenure_tier_Growing,0.026144062774979212,-0.0030780270798655626,0.011355206805547495,-0.007609795024614576,-0.0025897913113200723,0.007207040566698004,-0.007207040566697987,-0.008298353870929602,-0.0057803861281325855,-0.0007471799484963577,0.01012514196103162,0.0032239103572865723,-0.003709783583004562,-0.005931131541097814,0.005321512392854167,-0.005157476222942515,-0.0023660949349915373,0.020342585330708287,-0.008571044426525698,-0.0009318305575495773,0.014782978816416055,0.011164952608306652,0.011867054396066503,0.012023988632660965,-0.013697759582431844,-0.01692090579284914,-0.0028327013509311986,-0.00797143137646804,0.007824082648718436,0.004110049464744867,-0.004959439426227534,0.00895758483227897,-0.0005209643992284832,0.003620258417207724,0.005182249646209466,-0.016378865370975108,0.004887317181144562,0.019114069097017915,-0.20939933561170987,1.0,-0.2545250670333028,-0.2540479217267886,-0.29373007075681046,0.012097829747460763,0.009110864109002588,-0.021664352725952272,0.02166435272595222,0.13931178962102306,-0.005822316092741092,0.0026232648423473587,-0.0010467498528729594,-0.012193581690627758,0.026349809755175504,-0.012289281383490057,0.009336399216767039,-0.001034143353566286,-0.0015380052291353238,-0.005531477267376506,-0.007743060337699919,0.011355206805547495,0.0012951378809163922,-0.023612464677456643,-0.007770982234743178,-0.005157476222942517,0.007846630469894651,0.020815250909030393
tenure_tier_Established,-0.02560203098921591,0.002728425222189427,-0.006371416957758672,-0.003150121856754197,0.010047479310455052,-0.009565402750103686,0.009565402750103645,-0.0005334585490855568,0.021725451673170797,-0.003601288125153246,-0.013543851921312274,0.0014951911811775579,-0.003498640757494663,0.006311730717997822,-0.004761607349560125,0.010007800134417481,-0.012254952959658427,-0.008475484061310259,0.020284637387585007,-0.02179256411894188,-0.0016027774890596134,-0.006881271964391818,-0.006703420634937321,0.00020522147844528906,0.010991996967361852,0.00301086622358477,0.0025679920303510535,-0.0018736862166267025,-0.0004913076091871292,7.742404056506742e-06,0.00969378292084004,-0.014288368883611043,0.001777754328712348,-0.009409450977614668,-0.009945883235813703,0.005325025587718986,-0.009845395230912164,-0.0074564140156086044,-0.20580509908128167,-0.2545250670333028,1.0,-0.24968731419151524,-0.28868833866479976,-0.012360872087519079,-0.0014835937221941858,-0.006153915105932718,0.006153915105932706,-0.12825500942686202,-0.00027636025551097643,0.006802009338985907,-0.006203658100983973,0.01273727654445723,-0.016469751041018017,-0.00947047492286561,-0.00947356572575629,0.008618223260642209,-0.0022412094128312896,0.00822418833488615,-0.00309415581228792,-0.006371416957758678,-0.006235538838823927,0.004338763892140786,0.001637016123660257,0.010007800134417492,-0.022153708495456555,0.001080111426714479
tenure_tier_Mature,-0.0007558225767287916,-0.020740530346200367,-0.02802054842698204,0.027379308781724062,-0.0035717067988343602,0.007876079724676856,-0.007876079724676863,0.005785748556295845,0.0037115306326215704,-0.0059517618536225345,0.01755200002389113,-0.006545776304674093,0.0012596301690083835,-0.011873097453936882,-0.008897022725781445,0.016357178809466143,-0.0020131160449702945,-0.002314046280867153,-0.005624408821202643,-0.010853742606967231,-0.001112779008763055,-0.0002172213652385668,0.010400364121114716,-0.015014900491816068,0.0018285145373999948,0.0021039707710639854,0.0022275362770385852,0.01458202090186463,-0.0171497862809203,-0.0011918165473125163,0.01604260740437797,-0.005586119881088526,-0.017438416117015104,0.004925421868525997,-0.016008422380842022,0.0038393339707063815,-0.01593104884708364,-0.009271008966814043,-0.20541928664155598,-0.2540479217267886,-0.24968731419151524,1.0,-0.2881471491959379,0.0031922012619426923,0.006877350123231433,-0.003632922536674171,0.003632922536674251,-0.2434148471996144,-0.01816410364733971,-0.02326880715402382,-0.009593085763303396,-0.009394194398185294,0.007823991393872826,3.486543331381116e-05,0.021381288059648264,0.016298116777442327,-0.013763268669231282,0.004582016131622246,-0.015532332797696023,-0.028020548426982032,0.00147093935268777,-0.004773164186172344,0.011051153790378852,0.016357178809466147,-0.01121984332177329,-0.021188354966893756
tenure_tier_Veteran,-0.0059740931762321614,0.0011204211371342225,0.018114546793837054,-0.018939042307527052,0.0037441572028199806,-0.016373093554183274,0.01637309355418327,0.008622075970568313,-0.004204759230493799,0.007284131217539916,-0.013029696928173564,0.006137033406041398,-0.003281107384564177,0.003146072380466547,-0.00046290695580252975,-0.0013883945903854242,0.014153926420138503,-0.006258710856870583,-0.014904873960457083,0.01562380294114106,-0.004804204136522218,-0.0037601994364484517,-0.007024380216059609,0.007723445400976704,-0.00960341565538466,0.009489582613189699,-0.006668874965278109,0.004696189727257238,0.00013079053846170498,0.0014414680849701767,-0.001267848776251959,-0.0007490346888096422,0.00229836073332848,-0.0011635455093797046,0.0014001749369972783,0.004026143502057221,0.0014711840111768367,-0.005077622161569402,-0.23750566896952294,-0.29373007075681046,-0.28868833866479976,-0.2881471491959379,1.0,-0.022291885552057075,0.013152112953287286,-0.0020751507627175753,0.00207515076271753,-0.3610980445926126,0.015918752996970435,0.007365817595690053,-0.0044434750960267696,0.016119867173635737,-0.007773923925459219,0.015426895775451458,-0.00536513772012394,0.0011799501074157906,0.0015768888663385695,0.004265150508884337,0.013185227333163171,0.018114546793837047,-0.012797029187166267,0.014135785986970573,-0.004352003917936885,-0.0013883945903854207,0.01235764802606987,0.005895122608282583
is_active_member,0.0016649648401758502,-0.15612827818890548,-0.020485800270395753,0.0033169659444571083,0.016731863681874314,-0.02254432465230797,0.022544324652307938,0.003448622183170447,-0.007356554164477957,-0.002867983792468142,-0.024623288549956317,-0.03579045092825565,-0.040883458194547945,0.03436433002966955,0.1291231591212741,0.004115697382783271,-0.0007403055971753196,0.0035244747751762913,0.009902005989957448,-0.006105414597695681,-0.009558701045067218,0.003934115863438134,0.017635887200027896,-0.014520154174697026,0.002238376553908815,-0.0071908545531264995,-0.024339120459429733,-0.0011878830610413474,0.01602372072950328,0.010309585200267686,0.003887920518405347,0.009028270744994397,0.0024072123113118484,-0.012032537643874157,-0.0047693208564487215,-0.007993818424459042,-0.004909199887827783,0.0015791361984393534,0.023958248525988674,0.012097829747460763,-0.012360872087519079,0.0031922012619426923,-0.022291885552057075,1.0,-0.01186563687845792,-0.022320689683981477,0.022320689683981456,0.024783732318920084,-0.020351837069909156,-0.01680396734092542,0.022054565859537207,-0.0034883089595686796,0.5733169051150685,-0.5983900164076712,0.46578347424353445,0.019824999729236154,-0.025208740597279167,0.004147499503874486,-0.40368343163030157,-0.020485800270395746,-0.021008716673933996,-0.7148470582779057,-0.026774350375225887,0.00411569738278327,-0.01160062437282376,-0.02920753124428256
has_credit_card,-0.01402513032557391,-0.0071377656030390145,0.01057658071380352,0.0024672242386179883,-0.013479728330052086,-0.005766124371501161,0.005766124371501157,-0.006737571368282822,0.014048039088480072,0.001193268132538034,0.012343251596094973,-0.011932864689099378,0.0024768034052740965,-0.019532537000532552,0.0018741311198652143,0.01835770699888517,-0.011046548921512885,0.01940119809570842,-0.021818691380357347,-0.0013832394013398941,-0.005658158500744447,0.007856574896815575,0.016952175629534192,-0.010927471578811796,-0.0014584354682886968,-0.010130977096316995,-0.00949914270558848,0.015816418593191345,-0.0040697223778732245,-0.004287669437087805,0.018757733356948834,0.01843286747277727,-0.01987761493840845,-0.005002504136977635,-0.018176814314852935,-0.0013726748694333842,-0.018191166796098012,-0.011283916127475497,-0.032770202192094706,0.009110864109002588,-0.0014835937221941858,0.006877350123231433,0.013152112953287286,-0.01186563687845792,1.0,-0.0038450623114540147,0.0038450623114539852,-0.02862961052171784,0.010011402655042296,0.0005678840999489574,-0.004553840793199866,0.013295415655297798,0.0030886060688461183,0.012345369940089716,0.011582716287544488,0.010700380356473792,-0.007129158075325486,0.012070959059408332,0.005610261579157862,0.010576580713803529,-0.011898912870354194,0.005607417077609502,-0.0007751844668757958,0.018357706998885136,-0.004696242606575922,0.0012440174445061945
has_single_product,-0.018501263505390726,0.18544672657041172,0.03387750897877251,-0.014049077810493684,-0.01775041993683896,-0.005488223588852887,0.00548822358885288,-0.009902865126541167,-0.04268607326058661,-0.023397853843312718,-0.030567033386013673,0.0034549616921955976,0.04893432815162088,0.06760222738504326,0.015753974016929,-0.3887738023049731,0.007756873342404523,0.02397173341315959,0.11501754928046878,0.24270275615697073,0.08611838894139424,0.007854316501430406,-0.0012977821772469117,0.0038165103791352804,0.0097612448626195,-0.015451864825122877,0.021738010370668307,-0.008267448287431724,-0.005315983203894373,-0.007826161568712542,-0.3889226312942407,0.04227089547066309,0.2745003830143914,0.12021785419801272,0.3886665919396895,-0.004449873368781659,0.38837078690752674,0.2515467459828633,0.03856013254841049,-0.021664352725952272,-0.006153915105932718,-0.003632922536674171,-0.0020751507627175753,-0.022320689683981477,-0.0038450623114540147,1.0,-0.9999999999999997,-0.362144509400637,0.025036508296653916,0.033740652182848475,0.050711509346695445,-0.02636611104835298,-0.600912536444116,0.5709102264510744,-0.26671984968856477,-0.6203510111497488,0.13376561333361486,-0.1444149579979093,0.41738806705804793,0.033877508978772536,0.04764280744609959,0.7150624950980113,0.018369608619612104,-0.3887738023049731,0.2871479675379173,-0.18668206333020965
has_multiple_products,0.018501263505390775,-0.18544672657041184,-0.033877508978772515,0.014049077810493658,0.017750419936839023,0.005488223588852864,-0.005488223588852878,0.009902865126541168,0.04268607326058657,0.023397853843312725,0.030567033386013666,-0.0034549616921956063,-0.04893432815162091,-0.06760222738504322,-0.01575397401692904,0.38877380230497316,-0.007756873342404526,-0.023971733413159585,-0.11501754928046876,-0.24270275615697054,-0.08611838894139409,-0.0078543165014304,0.0012977821772469718,-0.003816510379135302,-0.009761244862619476,0.015451864825122877,-0.021738010370668373,0.00826744828743172,0.005315983203894369,0.007826161568712563,0.38892263129424054,-0.042270895470663074,-0.27450038301439145,-0.12021785419801255,-0.3886665919396895,0.004449873368781653,-0.38837078690752674,-0.25154674598286325,-0.03856013254841049,0.02166435272595222,0.006153915105932706,0.003632922536674251,0.00207515076271753,0.022320689683981456,0.0038450623114539852,-0.9999999999999997,1.0,0.36214450940063675,-0.025036508296653878,-0.03374065218284853,-0.05071150934669541,0.026366111048353066,0.6009125364441164,-0.5709102264510745,0.26671984968856466,0.6203510111497484,-0.13376561333361467,0.1444149579979093,-0.4173880670580478,-0.03387750897877251,-0.047642807446099646,-0.7150624950980113,-0.01836960861961213,0.3887738023049732,-0.2871479675379173,0.1866820633302096
products_per_year_capped_scaled,0.020276304129995423,-0.010004776153932292,0.002426612146214487,0.00348022651709873,-0.006468078253196456,0.028572060102936662,-0.02857206010293678,-0.0045894812104435865,-0.007991831634437832,-0.00037945152562302264,0.0128722754165934,0.0002788329817416183,0.005729164966807491,-0.017257488043074035,0.006051439574911733,0.11860428076500834,0.008683734613739889,-0.0017387262808589996,-0.034302092663309185,-0.07670445794489347,-0.02532360058707191,0.002527632261460547,-0.008212942326546839,-0.0017490751674986292,-0.0019080674700911865,0.005922663553852598,-0.016108499329162106,-0.0024113804546514457,0.01881670276129577,-0.00022929621278909232,0.11949016667426138,-0.00786073033456116,-0.0844863324230343,-0.0387962823150041,-0.11899481266231392,-1.283812664903421e-05,-0.11892876958580702,-0.07862980536115985,0.7064918225550177,0.13931178962102306,-0.12825500942686202,-0.2434148471996144,-0.3610980445926126,0.024783732318920084,-0.02862961052171784,-0.362144509400637,0.36214450940063675,1.0,-0.0009267248978547774,0.004147674362454033,0.009617587053538648,-0.014002616469993592,0.22842976689743613,-0.21506751928606793,0.07818803636827387,0.20054863061410447,-0.03918531061856948,0.042622506761843815,-0.14180129081729603,0.0024266121462144926,0.0171764074311947,-0.27063346825929346,-0.018685992762794836,0.1186042807650083,-0.0896298667556949,0.18532878170566863
germany_poor_credit,0.0053580800923083245,0.09236342536022048,0.4271822224543587,-0.2479188968135609,-0.14186036579712477,-0.0005834224333573581,0.0005834224333573861,-0.012995933374012452,-0.01620549674353765,-0.011069380817362622,-0.025406448435540362,0.01797969448016297,0.01403887006934066,0.03953354670415435,0.005195904850768486,-0.18610388321878615,-0.006057585540607734,-0.010237295174900504,0.024079385047141792,0.15485988447955623,0.02203298130513846,-0.0012896341173447505,-0.007858492983227423,-0.011656530381921106,0.00836491699564348,0.008803806356450866,0.4445734094329759,-0.17472319419184268,-0.1399950376059749,-0.11891927088231277,-0.18622481387985343,-0.008119658225526008,0.1479978354561654,0.04642332430362088,0.18690437741451485,0.0037877687459348768,0.1868678229249479,0.11638955891969632,0.008044164860597808,-0.005822316092741092,-0.00027636025551097643,-0.01816410364733971,0.015918752996970435,-0.020351837069909156,0.010011402655042296,0.025036508296653916,-0.025036508296653878,-0.0009267248978547774,1.0,0.3601382975722637,0.021289012826472557,-0.01425849377667622,-0.01868721756993512,0.03340075339460214,-0.11868541748672522,-0.1508114319586138,0.5917493876947783,-0.06539877127762819,0.43884714549400633,0.4271822224543587,0.02326145270148108,0.031742624716542794,0.3723319939897383,-0.18610388321878613,0.1637284578182874,0.03195726243818851
germany_high_value,-0.003909791139379835,0.18328127311282175,0.8289682552145224,-0.4810988953272833,-0.27528706424926447,0.0262667533893705,-0.02626675338937055,-0.014126002568581455,-0.02264017972819601,-0.027568779905220945,-0.022411503245044883,0.01372728738809127,0.0413655679679972,0.05499016711441048,-0.0085167266606953,-0.36114380058736356,-0.011755044691605416,-0.039989537967571556,0.1437455848732904,0.3541509737999646,-0.15714924518243778,0.028631562008458174,0.013534928708927722,-0.012516674286033825,-0.01363343217082012,-0.016767974564929844,-0.004183700037735887,0.005859202936110723,-0.01990135094887339,0.019324173494531995,-0.36137847252322086,-0.07228859813703589,0.5229499751941219,-0.2084461840265218,0.3562719157580995,-0.03246147980209388,0.3554946863615096,0.23112268531567046,0.00661567253863908,0.0026232648423473587,0.006802009338985907,-0.02326880715402382,0.007365817595690053,-0.01680396734092542,0.0005678840999489574,0.033740652182848475,-0.03374065218284853,0.004147674362454033,0.3601382975722637,1.0,0.04504511958008647,-0.04167068560366018,-0.019445823737795798,0.038573452762260235,-0.2303149295120517,-0.2926570513605414,0.12178649828061547,-0.12690955397841072,0.5637105145445117,0.8289682552145221,0.0632688147688358,0.03534998873114515,-0.000999134353041415,-0.3611438005873637,0.251545606678623,0.0418804714508189
female_45_plus,0.003315640638526131,0.27480303794525424,0.04825617948031486,-0.03895177503071423,-0.0033468155098344693,0.39488392289897906,-0.39488392289897933,-0.07884596666951645,-0.13203951012758583,-0.18228664306731016,-0.19736135057080456,-0.16149814270171187,0.40565533430105893,0.3575075776143397,0.2536366758560479,-0.02322872613800552,0.003977406406493178,0.015424812116895226,0.004043674287926851,0.02124384580160782,-0.006718511929631512,-0.005720854802833775,-0.0007612829738789331,0.00028912302576221535,0.0013041421777135454,0.004514220891948554,0.0034006100393227192,0.004835562870826411,-0.00656530750342893,-0.002325622155161548,-0.023449473438088377,0.01168930405549979,0.02260293947759388,-0.004685511582483101,0.022885553384363405,0.008269815147475684,0.02302026411991546,0.007400443324348947,0.024616416461865256,-0.0010467498528729594,-0.006203658100983973,-0.009593085763303396,-0.0044434750960267696,0.022054565859537207,-0.004553840793199866,0.050711509346695445,-0.05071150934669541,0.009617587053538648,0.021289012826472557,0.04504511958008647,1.0,-0.18329717912662044,0.0026052665293524934,0.03562946032626516,0.014300192688390136,-0.06038279338668601,0.009944899107541549,-0.006525197575826862,0.2464729623252263,0.048256179480314854,0.6471499894892466,0.020049104926496315,0.0065157557798415896,-0.023228726138005508,0.01669257649465632,0.08394887922246308
male_young,-0.01140898627606557,-0.18173714253357143,-0.03358907290029325,0.030742781476294466,-0.0018750695899090394,-0.464179898186212,0.4641798981862122,0.18962647798296675,0.30142462587438484,0.4582337009315473,-0.2786699899119456,-0.2280319103376737,-0.16434769383808773,-0.15694325450360136,-0.11987210155710569,0.021806312747702575,-0.012465160937820581,-0.015502930474664197,-0.013998399797004932,-0.01091726014327445,0.004829316955162132,0.018209066507445828,0.004529809774015294,-0.021342551553169897,-0.018055359650416422,0.00782136581308022,0.0007997354066478117,-0.003073082320118406,-0.005307327962411466,0.008663843135094449,0.02148482260566587,0.005637580936442921,-0.02662016708465908,0.005759444385827879,-0.020955988895597622,-0.015105237565152042,-0.02121365449604921,0.001141515180910908,-0.00963940306872929,-0.012193581690627758,0.01273727654445723,-0.009394194398185294,0.016119867173635737,-0.0034883089595686796,0.013295415655297798,-0.02636611104835298,0.026366111048353066,-0.014002616469993592,-0.01425849377667622,-0.04167068560366018,-0.18329717912662044,1.0,0.01576649838230064,-0.010438286403804651,0.0088226571541931,0.03807651288881694,-0.003554388657482883,0.014549892336435838,-0.18776008418151832,-0.033589072900293254,-0.5031200297795781,-0.016002763866246942,-0.0009696174801726188,0.02180631274770256,-0.007763203143627039,-0.061342612627870025
active_multiple_products,0.016099001803665067,-0.15713440399994394,-0.015973161564646184,0.014784811073594415,-0.0010830206697968713,-0.012256734407600344,0.012256734407600316,-0.002483598888097739,0.01242444935512588,0.015624438973967477,-0.006129013570895415,-0.029346029656516177,-0.029321418814832717,-0.01207496129721228,0.07044144341800368,0.23993101965618696,-0.01447839374731797,-0.013397232943671027,-0.07624302714663653,-0.14475929539686608,-0.05462780200093574,-0.0099956746983475,0.016176431438487935,-0.011087458907209441,-0.00836856194693835,0.011159120711435691,-0.030256430093353007,0.007720483628431525,0.006727405983501252,0.01619920727070981,0.23951909215940842,-0.023948500273837305,-0.16854065255233402,-0.0755733640025753,-0.23981984903056883,0.0034800547282257824,-0.23962423400088623,-0.15797777676198727,-0.01086299914322441,0.026349809755175504,-0.016469751041018017,0.007823991393872826,-0.007773923925459219,0.5733169051150685,0.0030886060688461183,-0.600912536444116,0.6009125364441164,0.22842976689743613,-0.01868721756993512,-0.019445823737795798,0.0026052665293524934,0.01576649838230064,1.0,-0.34306711225860037,0.5596230337529887,0.3795985539204196,-0.09077259533995033,0.0930402856767517,-0.45905942247961373,-0.015973161564646184,-0.028129158155243427,-0.8211944304052411,-0.027818308211636247,0.23993101965618696,-0.17320045294141403,0.07409620747295591
inactive_single_product,-0.006979115557399477,0.23471551232862284,0.04647140646123852,-0.0050801366688968345,-0.04078687419028612,0.007266267081014577,-0.00726626708101459,-0.017875830411613093,-0.02814671458251306,-0.007878101073343491,-0.013034199977174617,0.015571559975517402,0.07382012101166403,0.026100872022199968,-0.059427767221392716,-0.2103376324738482,-0.004820866605868785,0.01002970339870588,0.04412372984482563,0.14044670379048077,0.05505213430937513,-0.005567285383597674,-0.005476138676495197,0.009922923971153692,0.00022115723538010062,0.0017419046901337497,0.02252301043891255,-0.00036407318984056305,-0.017777652606058673,-0.004537149411562946,-0.21066231166711677,0.014120848003443954,0.14327142357276176,0.07603244676847899,0.2110786307606976,0.007587523913940546,0.21109636508009183,0.12845153335509193,0.00586331079266085,-0.012289281383490057,-0.00947047492286561,3.486543331381116e-05,0.015426895775451458,-0.5983900164076712,0.012345369940089716,0.5709102264510744,-0.5709102264510745,-0.21506751928606793,0.03340075339460214,0.038573452762260235,0.03562946032626516,-0.010438286403804651,-0.34306711225860037,1.0,-0.2787201807950109,-0.3541647362546516,0.09146507065871207,-0.07719784993387241,0.48214782295520964,0.04647140646123854,0.05066051495530851,0.8177411522743651,0.02390695489165361,-0.2103376324738482,0.16925545791441482,-0.10657869905020365
zero_balance_active,0.006904355306097563,-0.12825432799111064,-0.277833231928104,0.16448918580405616,0.08850390752841267,-0.0009800805487122314,0.0009800805487121746,0.006632430735769151,0.005741176650401663,0.00208867452663075,-0.013558365419275685,-0.01947023595982818,-0.027161048368562903,0.001124917805770066,0.07403426941281148,0.637737458423676,-0.011762772876439256,-0.040015828513370585,-0.20238063687268978,-0.37823399839534716,-0.15725256069038715,0.005095110204756075,0.0040936683626903335,0.01348269999894455,-0.010751016097383373,-0.009208489991786502,-0.0020532749342363032,-0.0032064751493569078,0.011498523444101695,-0.006519886182451519,0.6373233245022731,-0.0723361232347652,-0.44041483973023904,-0.20858322396812493,-0.6372234862745797,-0.019696777580087636,-0.6372198032207013,-0.3841750074953339,-0.017633958697364737,0.009336399216767039,-0.00947356572575629,0.021381288059648264,-0.00536513772012394,0.46578347424353445,0.011582716287544488,-0.26671984968856477,0.26671984968856466,0.07818803636827387,-0.11868541748672522,-0.2303149295120517,0.014300192688390136,0.0088226571541931,0.5596230337529887,-0.2787201807950109,1.0,0.5379207986804634,-0.19650157048065292,0.22756748979979452,-0.44958779677191274,-0.27783323192810405,-0.01262664641132347,-0.5122505430648057,-0.004104607109832839,0.6377374584236761,-0.46114309165049516,-0.007302767776861585
zero_balance_multiple_products,0.008104672038643903,-0.21805456249072555,-0.3530377062325606,0.20163114968111584,0.12101103514204711,-0.0045453745716421265,0.004545374571642084,0.022685156196197938,0.045183375952129026,0.02864229102296111,0.020323611070620168,-0.012485276548083188,-0.04712354431888548,-0.07000785843161073,-0.005694191788419314,0.8103615537206128,-0.014946744586361402,-0.050847395804010626,-0.25716144656844925,-0.4806151599863937,-0.19981800931465493,0.012936805683069028,-0.008888047902652888,0.006839846085201372,-0.006776192335136666,-0.005422467652909586,-0.007188559044817086,0.00030199501269956937,0.012341751800730804,-0.006094884591799369,0.8098353211721463,-0.09191621480027128,-0.5596272401617507,-0.2650429627775924,-0.8097084585263238,-0.020805099652082208,-0.8096284752514269,-0.4881642937268441,-0.028570448175198486,-0.001034143353566286,0.008618223260642209,0.016298116777442327,0.0011799501074157906,0.019824999729236154,0.010700380356473792,-0.6203510111497488,0.6203510111497484,0.20054863061410447,-0.1508114319586138,-0.2926570513605414,-0.06038279338668601,0.03807651288881694,0.3795985539204196,-0.3541647362546516,0.5379207986804634,1.0,-0.24969102231635398,0.29262591528561993,-0.4783802260757595,-0.3530377062325606,-0.05564495728745029,-0.44777000299601377,-0.007519857049642327,0.8103615537206127,-0.5859662582171203,0.02987755001312389
poor_credit_high_value,-0.005253552190323209,0.06210535374633722,0.1355095355639072,-0.0704596804699179,-0.05448034610284967,-0.010266257267280941,0.010266257267281007,-0.007620879343654267,-0.005212488054200521,-0.0010288754476516187,-0.006903794147646038,-0.012285210514331587,0.014034161578785172,0.020554421218067186,0.0057742175832012224,-0.308122986795153,-0.01002924451256573,-0.034118530787698303,0.06331792699232439,0.21498983939089597,0.08094564661581545,-0.021880675881509767,-0.0043716506760233835,0.0008932264904684124,0.0050389184720898,0.018381406898427186,0.7360581864009433,-0.28928054334841313,-0.23178285362773388,-0.1968887499713457,-0.3083232057042844,-0.06167565034479885,0.23144831981884043,0.11481882677252885,0.3104575387508658,0.02127711529999822,0.3106640205234038,0.18148179094764094,0.018004451844959867,-0.0015380052291353238,-0.0022412094128312896,-0.013763268669231282,0.0015768888663385695,-0.025208740597279167,-0.007129158075325486,0.13376561333361486,-0.13376561333361467,-0.03918531061856948,0.5917493876947783,0.12178649828061547,0.009944899107541549,-0.003554388657482883,-0.09077259533995033,0.09146507065871207,-0.19650157048065292,-0.24969102231635398,1.0,-0.10827750818668445,0.38485278214202806,0.1355095355639072,0.007441900093131525,0.11118986671169094,0.6164516509988232,-0.308122986795153,0.2571197651427066,0.005170344736255989
excellent_credit_low_value,0.0012498798527652412,-0.04340573533443117,-0.1530933822617477,0.09067239911206391,0.04872794801169084,0.008032478385313764,-0.008032478385313768,0.011838460572472025,0.01322859263250689,0.005738337624544131,0.007734340369985652,-0.008034711397261998,-0.024616783025182637,-0.012682875841435196,0.006522182072645733,0.3505682253813885,0.01003623229864144,-0.022049768807725915,-0.11151702763600357,-0.20841683228056873,-0.08665027656461864,0.02968172534238577,-0.008497166303586564,-0.005989380968659736,-0.011456850942272964,-0.00853236274041053,-0.14710454986734417,-0.18695321733214035,-0.14979420913192582,0.5499425853556541,0.35118183186812846,-0.03985909708806382,-0.24268010325710693,-0.11493481546010022,-0.35053268194232684,-0.01949731068028759,-0.3506851094688328,-0.2116845645748717,-0.013447336600508834,-0.005531477267376506,0.00822418833488615,0.004582016131622246,0.004265150508884337,0.004147499503874486,0.012070959059408332,-0.1444149579979093,0.1444149579979093,0.042622506761843815,-0.06539877127762819,-0.12690955397841072,-0.006525197575826862,0.014549892336435838,0.0930402856767517,-0.07719784993387241,0.22756748979979452,0.29262591528561993,-0.10827750818668445,1.0,-0.25864602641432366,-0.15309338226174773,-0.010538613131902708,-0.10391185367760339,-0.2686532691154523,0.3505682253813885,-0.2541019125663196,-0.005285051854096828
composite_risk_score_scaled,-0.008779230464970346,0.3348617058871062,0.6715776135682832,-0.38402448976797743,-0.2296586475240951,0.2696171875984331,-0.269617187598433,-0.041687999777995956,-0.052404325441792125,-0.07762420003672484,-0.07133437947054082,-0.013664282264002082,0.20134795330516003,0.17394352634916502,-0.07093419219577866,-0.4248514623967827,-0.003192577113505573,0.013145868511007611,0.0966712867081874,0.30631011633191774,0.06632840806872078,-0.004645206266525553,-0.00766323030838247,-0.0052939394905821835,0.005613811456283238,0.00917497071131512,0.33511406303601715,0.07357604286851967,-0.2427558841991177,-0.18669429054553102,-0.425237087143098,0.01644570487455434,0.31858577833399787,0.11829123642219479,0.42517663306260045,0.007932303798016018,0.4250812770670552,0.26056287515045085,0.01382846849934293,-0.007743060337699919,-0.00309415581228792,-0.015532332797696023,0.013185227333163171,-0.40368343163030157,0.005610261579157862,0.41738806705804793,-0.4173880670580478,-0.14180129081729603,0.43884714549400633,0.5637105145445117,0.2464729623252263,-0.18776008418151832,-0.45905942247961373,0.48214782295520964,-0.44958779677191274,-0.4783802260757595,0.38485278214202806,-0.25864602641432366,1.0,0.6715776135682832,0.3767003453931876,0.5742136880929035,0.4026469032152762,-0.4248514623967827,0.3373213227177793,1.782210240932587e-05
geographic_risk_score,-0.003096858226527104,0.17348787015297085,1.0,-0.5803586473920972,-0.3320839640331285,0.024627879392114648,-0.02462787939211465,-0.020612046024801572,-0.015039796580150271,-0.02824975491950217,-0.024129939275770108,0.01992693348526042,0.04013591380960212,0.04828657179851318,-0.009272081405312327,-0.43565456013017945,-0.014180331535811946,0.004703329961359617,0.09369058323250831,0.3279058452545537,0.05526635250506166,0.0002907257008508298,0.00596505124100326,-0.020200899687383634,-0.004250683009138135,0.012465021541073804,-0.009028852308341506,0.012358324547948036,-0.021080077086736544,0.018044686565485427,-0.4359376493008206,0.006732353659512961,0.33542266389996733,0.1133288827272541,0.4359791615505166,0.004540897230566403,0.4358173181989503,0.2684665790890637,0.0037341573691694135,0.011355206805547495,-0.006371416957758678,-0.028020548426982032,0.018114546793837047,-0.020485800270395746,0.010576580713803529,0.033877508978772536,-0.03387750897877251,0.0024266121462144926,0.4271822224543587,0.8289682552145221,0.048256179480314854,-0.033589072900293254,-0.015973161564646184,0.04647140646123854,-0.27783323192810405,-0.3530377062325606,0.1355095355639072,-0.15309338226174773,0.6715776135682832,1.0,0.05850207831213444,0.038020179398624086,-0.002326447265386712,-0.43565456013017945,0.35178438300959275,0.04962566286921232
demographic_risk_score,0.008230495238270132,0.28625834206672024,0.05850207831213444,-0.03746147922596432,-0.01536289458538398,0.8008113949949678,-0.8008113949949678,-0.06519419054974132,-0.09903397950575647,-0.1631921152086159,-0.16843836251663555,-0.12651186192577293,0.4420852636120987,0.407347999569609,-0.06507488275638025,-0.022446186282556083,0.013886493092325498,0.015291663271808914,0.009443590836090532,0.014487264541742668,-0.004203623022089423,-0.010620048683688203,-0.00453507122521948,-0.008447173907956242,0.007389003456692465,0.013281746809812082,0.00017456280945201674,0.00412039822272353,0.0027285929675210496,-0.008156345748170755,-0.022412084834018704,0.0009234968701473178,0.027123408636404948,-0.007870948448905749,0.021745173401836897,0.008544639424723641,0.021885419554925,0.003075124638486412,0.01967577276982333,0.0012951378809163922,-0.006235538838823927,0.00147093935268777,-0.012797029187166267,-0.021008716673933996,-0.011898912870354194,0.04764280744609959,-0.047642807446099646,0.0171764074311947,0.02326145270148108,0.0632688147688358,0.6471499894892466,-0.5031200297795781,-0.028129158155243427,0.05066051495530851,-0.01262664641132347,-0.05564495728745029,0.007441900093131525,-0.010538613131902708,0.3767003453931876,0.05850207831213444,1.0,0.0480140288395371,0.0026355072432291318,-0.02244618628255605,0.011607387003039524,0.08651762989436498
engagement_risk_score,-0.01410500424897113,0.23888197319403878,0.038020179398624086,-0.012146036847148003,-0.024115121957416333,0.011925009002448127,-0.011925009002448058,-0.009338005882269467,-0.024713033138066193,-0.014360354151200303,-0.004162808472184086,0.02744251713787835,0.06281449925908784,0.023255988964471945,-0.07926820099333974,-0.2748076548198506,0.005943231959326749,0.014302715838963245,0.07352578411910954,0.1740287969759621,0.0669197216109343,0.00274287120703986,-0.013239365323145286,0.01282247382684298,0.0052624017943295395,-0.0057797902550562625,0.03222352059829733,-0.004952099713629255,-0.014922633697970018,-0.012682868680055083,-0.27475248451832596,0.02325371261269761,0.19031748459428574,0.09250055875647044,0.2751897022222602,0.0024770689399681097,0.27508060816372026,0.17484146584243182,0.010218641481142229,-0.023612464677456643,0.004338763892140786,-0.004773164186172344,0.014135785986970573,-0.7148470582779057,0.005607417077609502,0.7150624950980113,-0.7150624950980113,-0.27063346825929346,0.031742624716542794,0.03534998873114515,0.020049104926496315,-0.016002763866246942,-0.8211944304052411,0.8177411522743651,-0.5122505430648057,-0.44777000299601377,0.11118986671169094,-0.10391185367760339,0.5742136880929035,0.038020179398624086,0.0480140288395371,1.0,0.031570272189198105,-0.2748076548198506,0.20895866802603383,-0.1101527995969384
credit_risk_score,-0.005223577711361361,0.026357897527423145,-0.002326447265386712,0.0056038304074230265,-0.004154306565565396,-0.00845421224952306,0.008454212249523078,-0.008520886191532868,0.0028441161019699592,-0.0026945740961549797,-0.0027212472861361603,-0.002567779019871885,0.011552228544002643,0.00896099962187378,-0.00829853663173747,0.0056433067927354,-0.0042889432789065506,-0.005451950819449353,-0.010742844227782404,0.007245315567536985,-0.006192577617414809,-0.007587031053130947,-0.008022384942125657,0.00895208729342843,0.008382395238324437,0.00032920892268745134,0.8375039669255653,0.1733114127321112,-0.5750891611269703,-0.4885114851429654,0.0050083180752239186,-0.0007025742889366656,-0.005602374164383026,0.0013336367906143524,-0.005283193683834164,0.002788553880913933,-0.005230529493879238,-0.0054095530972806324,-0.00013041689485314593,-0.007770982234743178,0.001637016123660257,0.011051153790378852,-0.004352003917936885,-0.026774350375225887,-0.0007751844668757958,0.018369608619612104,-0.01836960861961213,-0.018685992762794836,0.3723319939897383,-0.000999134353041415,0.0065157557798415896,-0.0009696174801726188,-0.027818308211636247,0.02390695489165361,-0.004104607109832839,-0.007519857049642327,0.6164516509988232,-0.2686532691154523,0.4026469032152762,-0.002326447265386712,0.0026355072432291318,0.031570272189198105,1.0,0.005643306792735404,0.0033830998369800396,-0.002550914924657394
is_zero_balance,0.01055927608996031,-0.12235727218477076,-0.43565456013017945,0.25159122405369344,0.14611555381386399,0.004512986735981615,-0.004512986735981672,0.013656254083385022,0.023027336722940054,0.015424924292609103,0.009481904442396926,-0.010663556553693561,-0.02120626451419971,-0.03717590869531869,0.0006953062611234615,1.0,-0.018444538141939876,-0.06274655500443639,-0.3173416179330663,-0.593087317358219,-0.24657883681331072,0.01342266640446616,-0.013128465629965062,0.015238862624354671,-0.00656788489314007,-0.008858106796172239,0.009635375995739041,-0.007869898754902363,0.012033785049335199,-0.014190132977227697,0.9993506200460175,-0.11342617918910076,-0.690589573989952,-0.3270675435683028,-0.9991940693739867,-0.0223221395524307,-0.9990356053994739,-0.6024030773492863,-0.022321095411996148,-0.005157476222942517,0.010007800134417492,0.016357178809466147,-0.0013883945903854207,0.00411569738278327,0.018357706998885136,-0.3887738023049731,0.3887738023049732,0.1186042807650083,-0.18610388321878613,-0.3611438005873637,-0.023228726138005508,0.02180631274770256,0.23993101965618696,-0.2103376324738482,0.6377374584236761,0.8103615537206127,-0.308122986795153,0.3505682253813885,-0.4248514623967827,-0.43565456013017945,-0.02244618628255605,-0.2748076548198506,0.005643306792735404,1.0,-0.7230923721970495,-0.006931025374166407
is_high_balance,-0.017444046341406602,0.11601909776338289,0.35178438300959275,-0.19944944551489077,-0.12227933000284097,-0.012938853982477343,0.012938853982477348,-0.008927520538799014,-0.01809156779456212,-0.01492495427112746,0.003035979848957637,-0.00046800869448316895,0.01676060323235524,0.031952517917021424,-0.00576311073402986,-0.7230923721970495,-0.023536284265466896,-0.08006818841969934,-0.40494603179856264,0.8202096165890637,0.3410059990870912,-0.006603458720783353,0.004213512750042955,-0.0087302742755846,-0.0008113405732855924,0.00953968054760508,0.00258065961410833,0.0010417866205137875,-0.015030369582792538,0.012434984536567419,-0.7235622390105246,-0.14473828382127707,0.4089874211621944,0.4523177897376206,0.743458100782693,0.018008181601222473,0.7433651434848517,0.5287031699238357,0.013710920212251709,0.007846630469894651,-0.022153708495456555,-0.01121984332177329,0.01235764802606987,-0.01160062437282376,-0.004696242606575922,0.2871479675379173,-0.2871479675379173,-0.0896298667556949,0.1637284578182874,0.251545606678623,0.01669257649465632,-0.007763203143627039,-0.17320045294141403,0.16925545791441482,-0.46114309165049516,-0.5859662582171203,0.2571197651427066,-0.2541019125663196,0.3373213227177793,0.35178438300959275,0.011607387003039524,0.20895866802603383,0.0033830998369800396,-0.7230923721970495,1.0,0.013021142540119112
products_3_plus,0.010225993611879253,0.2986365283847086,0.04962566286921232,-0.03430033993889234,-0.010109799303430386,0.04399155546156396,-0.043991555461563976,-0.02399328757898684,-0.030672537153704445,-0.053733459587505604,-0.025714243002763787,0.02785045582053319,0.03694629471074165,0.08130170965846419,0.014762591342826006,-0.006931025374166407,-0.004497919837802996,0.025513372590408943,-0.014462396853564347,0.012906525493090128,0.0007815869398615161,-0.023515115387202377,0.0010667909425053402,0.016352819248161315,0.005742359295236346,0.004972747230620697,-0.007956031343130433,0.010046978986636944,-0.0028272368928724517,-0.00036816364923728906,-0.007044375626109013,0.002915394560348045,2.0347106052851136e-05,0.008059620665148228,0.006945200422130279,0.017336893932863563,0.007250461025859452,-0.003174778418829006,-0.008328639749739254,0.020815250909030393,0.001080111426714479,-0.021188354966893756,0.005895122608282583,-0.02920753124428256,0.0012440174445061945,-0.18668206333020965,0.1866820633302096,0.18532878170566863,0.03195726243818851,0.0418804714508189,0.08394887922246308,-0.061342612627870025,0.07409620747295591,-0.10657869905020365,-0.007302767776861585,0.02987755001312389,0.005170344736255989,-0.005285051854096828,1.782210240932587e-05,0.04962566286921232,0.08651762989436498,-0.1101527995969384,-0.002550914924657394,-0.006931025374166407,0.013021142540119112,1.0
